fips,countyfull,countyonly,state
45001,Abbeville SC,Abbeville,SC
22001,Acadia Parish LA,Acadia Parish,LA
51001,Accomack VA,Accomack,VA
16001,Ada ID,Ada,ID
19001,Adair IA,Adair,IA
21001,Adair KY,Adair,KY
29001,Adair MO,Adair,MO
40001,Adair OK,Adair,OK
08001,Adams CO,Adams,CO
19003,Adams IA,Adams,IA
16003,Adams ID,Adams,ID
17001,Adams IL,Adams,IL
18001,Adams IN,Adams,IN
28001,Adams MS,Adams,MS
38001,Adams ND,Adams,ND
31001,Adams NE,Adams,NE
39001,Adams OH,Adams,OH
42001,Adams PA,Adams,PA
53001,Adams WA,Adams,WA
55001,Adams WI,Adams,WI
50001,Addison VT,Addison,VT
72001,Adjuntas Municipio PR,Adjuntas Municipio,PR
72003,Aguada Municipio PR,Aguada Municipio,PR
72005,Aguadilla Municipio PR,Aguadilla Municipio,PR
72007,Aguas Buenas Municipio PR,Aguas Buenas Municipio,PR
72009,Aibonito Municipio PR,Aibonito Municipio,PR
45003,Aiken SC,Aiken,SC
27001,Aitkin MN,Aitkin,MN
12001,Alachua FL,Alachua,FL
37001,Alamance NC,Alamance,NC
06001,Alameda CA,Alameda,CA
08003,Alamosa CO,Alamosa,CO
36001,Albany NY,Albany,NY
56001,Albany WY,Albany,WY
51003,Albemarle VA,Albemarle,VA
26001,Alcona MI,Alcona,MI
28003,Alcorn MS,Alcorn,MS
02013,Aleutians East Borough AK,Aleutians East Borough,AK
02016,Aleutians West Census Area AK,Aleutians West Census Area,AK
17003,Alexander IL,Alexander,IL
37003,Alexander NC,Alexander,NC
51510,Alexandria city VA,Alexandria city,VA
40003,Alfalfa OK,Alfalfa,OK
26003,Alger MI,Alger,MI
19005,Allamakee IA,Allamakee,IA
26005,Allegan MI,Allegan,MI
24001,Allegany MD,Allegany,MD
36003,Allegany NY,Allegany,NY
37005,Alleghany NC,Alleghany,NC
51005,Alleghany VA,Alleghany,VA
42003,Allegheny PA,Allegheny,PA
18003,Allen IN,Allen,IN
20001,Allen KS,Allen,KS
21003,Allen KY,Allen,KY
39003,Allen OH,Allen,OH
22003,Allen Parish LA,Allen Parish,LA
45005,Allendale SC,Allendale,SC
26007,Alpena MI,Alpena,MI
06003,Alpine CA,Alpine,CA
06005,Amador CA,Amador,CA
51007,Amelia VA,Amelia,VA
51009,Amherst VA,Amherst,VA
28005,Amite MS,Amite,MS
02020,Anchorage Borough AK,Anchorage Borough,AK
20003,Anderson KS,Anderson,KS
21005,Anderson KY,Anderson,KY
45007,Anderson SC,Anderson,SC
47001,Anderson TN,Anderson,TN
48001,Anderson TX,Anderson,TX
29003,Andrew MO,Andrew,MO
48003,Andrews TX,Andrews,TX
23001,Androscoggin ME,Androscoggin,ME
48005,Angelina TX,Angelina,TX
24003,Anne Arundel MD,Anne Arundel,MD
27003,Anoka MN,Anoka,MN
37007,Anson NC,Anson,NC
31003,Antelope NE,Antelope,NE
26009,Antrim MI,Antrim,MI
04001,Apache AZ,Apache,AZ
19007,Appanoose IA,Appanoose,IA
13001,Appling GA,Appling,GA
51011,Appomattox VA,Appomattox,VA
48007,Aransas TX,Aransas,TX
08005,Arapahoe CO,Arapahoe,CO
48009,Archer TX,Archer,TX
08007,Archuleta CO,Archuleta,CO
72013,Arecibo Municipio PR,Arecibo Municipio,PR
26011,Arenac MI,Arenac,MI
05001,Arkansas AR,Arkansas,AR
51013,Arlington VA,Arlington,VA
42005,Armstrong PA,Armstrong,PA
48011,Armstrong TX,Armstrong,TX
23003,Aroostook ME,Aroostook,ME
72015,Arroyo Municipio PR,Arroyo Municipio,PR
31005,Arthur NE,Arthur,NE
22005,Ascension Parish LA,Ascension Parish,LA
37009,Ashe NC,Ashe,NC
39005,Ashland OH,Ashland,OH
55003,Ashland WI,Ashland,WI
05003,Ashley AR,Ashley,AR
39007,Ashtabula OH,Ashtabula,OH
53003,Asotin WA,Asotin,WA
22007,Assumption Parish LA,Assumption Parish,LA
48013,Atascosa TX,Atascosa,TX
20005,Atchison KS,Atchison,KS
29005,Atchison MO,Atchison,MO
39009,Athens OH,Athens,OH
13003,Atkinson GA,Atkinson,GA
34001,Atlantic NJ,Atlantic,NJ
40005,Atoka OK,Atoka,OK
28007,Attala MS,Attala,MS
29007,Audrain MO,Audrain,MO
19009,Audubon IA,Audubon,IA
39011,Auglaize OH,Auglaize,OH
51015,Augusta VA,Augusta,VA
46003,Aurora SD,Aurora,SD
48015,Austin TX,Austin,TX
01001,Autauga AL,Autauga,AL
37011,Avery NC,Avery,NC
22009,Avoyelles Parish LA,Avoyelles Parish,LA
72011,Añasco Municipio PR,Añasco Municipio,PR
08009,Baca CO,Baca,CO
13005,Bacon GA,Bacon,GA
48017,Bailey TX,Bailey,TX
12003,Baker FL,Baker,FL
13007,Baker GA,Baker,GA
41001,Baker OR,Baker,OR
01003,Baldwin AL,Baldwin,AL
13009,Baldwin GA,Baldwin,GA
21007,Ballard KY,Ballard,KY
24005,Baltimore MD,Baltimore,MD
24510,Baltimore city MD,Baltimore city,MD
45009,Bamberg SC,Bamberg,SC
48019,Bandera TX,Bandera,TX
13011,Banks GA,Banks,GA
31007,Banner NE,Banner,NE
16005,Bannock ID,Bannock,ID
26013,Baraga MI,Baraga,MI
20007,Barber KS,Barber,KS
01005,Barbour AL,Barbour,AL
54001,Barbour WV,Barbour,WV
72017,Barceloneta Municipio PR,Barceloneta Municipio,PR
38003,Barnes ND,Barnes,ND
25001,Barnstable MA,Barnstable,MA
45011,Barnwell SC,Barnwell,SC
72019,Barranquitas Municipio PR,Barranquitas Municipio,PR
21009,Barren KY,Barren,KY
55005,Barron WI,Barron,WI
13013,Barrow GA,Barrow,GA
26015,Barry MI,Barry,MI
29009,Barry MO,Barry,MO
18005,Bartholomew IN,Bartholomew,IN
20009,Barton KS,Barton,KS
29011,Barton MO,Barton,MO
13015,Bartow GA,Bartow,GA
48021,Bastrop TX,Bastrop,TX
29013,Bates MO,Bates,MO
21011,Bath KY,Bath,KY
51017,Bath VA,Bath,VA
05005,Baxter AR,Baxter,AR
12005,Bay FL,Bay,FL
26017,Bay MI,Bay,MI
72021,Bayamón Municipio PR,Bayamón Municipio,PR
55007,Bayfield WI,Bayfield,WI
48023,Baylor TX,Baylor,TX
46005,Beadle SD,Beadle,SD
16007,Bear Lake ID,Bear Lake,ID
37013,Beaufort NC,Beaufort,NC
45013,Beaufort SC,Beaufort,SC
22011,Beauregard Parish LA,Beauregard Parish,LA
40007,Beaver OK,Beaver,OK
42007,Beaver PA,Beaver,PA
49001,Beaver UT,Beaver,UT
30001,Beaverhead MT,Beaverhead,MT
27005,Becker MN,Becker,MN
40009,Beckham OK,Beckham,OK
42009,Bedford PA,Bedford,PA
47003,Bedford TN,Bedford,TN
51019,Bedford VA (R),Bedford VA (,R)
48025,Bee TX,Bee,TX
33001,Belknap NH,Belknap,NH
21013,Bell KY,Bell,KY
48027,Bell TX,Bell,TX
39013,Belmont OH,Belmont,OH
27007,Beltrami MN,Beltrami,MN
13017,Ben Hill GA,Ben Hill,GA
16009,Benewah ID,Benewah,ID
46007,Bennett SD,Bennett,SD
50003,Bennington VT,Bennington,VT
38005,Benson ND,Benson,ND
08011,Bent CO,Bent,CO
05007,Benton AR,Benton,AR
19011,Benton IA,Benton,IA
18007,Benton IN,Benton,IN
27009,Benton MN,Benton,MN
29015,Benton MO,Benton,MO
28009,Benton MS,Benton,MS
41003,Benton OR,Benton,OR
47005,Benton TN,Benton,TN
53005,Benton WA,Benton,WA
26019,Benzie MI,Benzie,MI
34003,Bergen NJ,Bergen,NJ
45015,Berkeley SC,Berkeley,SC
54003,Berkeley WV,Berkeley,WV
42011,Berks PA,Berks,PA
25003,Berkshire MA,Berkshire,MA
35001,Bernalillo NM,Bernalillo,NM
13019,Berrien GA,Berrien,GA
26021,Berrien MI,Berrien,MI
37015,Bertie NC,Bertie,NC
02050,Bethel Census Area AK,Bethel Census Area,AK
48029,Bexar TX,Bexar,TX
01007,Bibb AL,Bibb,AL
13021,Bibb GA,Bibb,GA
22013,Bienville Parish LA,Bienville Parish,LA
30003,Big Horn MT,Big Horn,MT
56003,Big Horn WY,Big Horn,WY
27011,Big Stone MN,Big Stone,MN
38007,Billings ND,Billings,ND
16011,Bingham ID,Bingham,ID
19013,Black Hawk IA,Black Hawk,IA
18009,Blackford IN,Blackford,IN
37017,Bladen NC,Bladen,NC
16013,Blaine ID,Blaine,ID
30005,Blaine MT,Blaine,MT
31009,Blaine NE,Blaine,NE
40011,Blaine OK,Blaine,OK
42013,Blair PA,Blair,PA
48031,Blanco TX,Blanco,TX
51021,Bland VA,Bland,VA
13023,Bleckley GA,Bleckley,GA
47007,Bledsoe TN,Bledsoe,TN
01009,Blount AL,Blount,AL
47009,Blount TN,Blount,TN
27013,Blue Earth MN,Blue Earth,MN
16015,Boise ID,Boise,ID
28011,Bolivar MS,Bolivar,MS
29017,Bollinger MO,Bollinger,MO
46009,Bon Homme SD,Bon Homme,SD
17005,Bond IL,Bond,IL
16017,Bonner ID,Bonner,ID
16019,Bonneville ID,Bonneville,ID
05009,Boone AR,Boone,AR
19015,Boone IA,Boone,IA
17007,Boone IL,Boone,IL
18011,Boone IN,Boone,IN
21015,Boone KY,Boone,KY
29019,Boone MO,Boone,MO
31011,Boone NE,Boone,NE
54005,Boone WV,Boone,WV
48033,Borden TX,Borden,TX
48035,Bosque TX,Bosque,TX
22015,Bossier Parish LA,Bossier Parish,LA
51023,Botetourt VA,Botetourt,VA
38009,Bottineau ND,Bottineau,ND
08013,Boulder CO,Boulder,CO
16021,Boundary ID,Boundary,ID
20011,Bourbon KS,Bourbon,KS
21017,Bourbon KY,Bourbon,KY
48037,Bowie TX,Bowie,TX
38011,Bowman ND,Bowman,ND
31013,Box Butte NE,Box Butte,NE
49003,Box Elder UT,Box Elder,UT
21019,Boyd KY,Boyd,KY
31015,Boyd NE,Boyd,NE
21021,Boyle KY,Boyle,KY
21023,Bracken KY,Bracken,KY
12007,Bradford FL,Bradford,FL
42015,Bradford PA,Bradford,PA
05011,Bradley AR,Bradley,AR
47011,Bradley TN,Bradley,TN
26023,Branch MI,Branch,MI
13025,Brantley GA,Brantley,GA
54007,Braxton WV,Braxton,WV
48039,Brazoria TX,Brazoria,TX
48041,Brazos TX,Brazos,TX
21025,Breathitt KY,Breathitt,KY
21027,Breckinridge KY,Breckinridge,KY
19017,Bremer IA,Bremer,IA
12009,Brevard FL,Brevard,FL
48043,Brewster TX,Brewster,TX
48045,Briscoe TX,Briscoe,TX
02060,Bristol Bay Borough AK,Bristol Bay Borough,AK
25005,Bristol MA,Bristol,MA
44001,Bristol RI,Bristol,RI
51520,Bristol city VA,Bristol city,VA
30007,Broadwater MT,Broadwater,MT
36005,Bronx NY,Bronx,NY
54009,Brooke WV,Brooke,WV
46011,Brookings SD,Brookings,SD
13027,Brooks GA,Brooks,GA
48047,Brooks TX,Brooks,TX
36007,Broome NY,Broome,NY
08014,Broomfield CO,Broomfield,CO
12011,Broward FL,Broward,FL
17009,Brown IL,Brown,IL
18013,Brown IN,Brown,IN
20013,Brown KS,Brown,KS
27015,Brown MN,Brown,MN
31017,Brown NE,Brown,NE
39015,Brown OH,Brown,OH
46013,Brown SD,Brown,SD
48049,Brown TX,Brown,TX
55009,Brown WI,Brown,WI
46015,Brule SD,Brule,SD
37019,Brunswick NC,Brunswick,NC
51025,Brunswick VA,Brunswick,VA
13029,Bryan GA,Bryan,GA
40013,Bryan OK,Bryan,OK
19019,Buchanan IA,Buchanan,IA
29021,Buchanan MO,Buchanan,MO
51027,Buchanan VA,Buchanan,VA
51029,Buckingham VA,Buckingham,VA
42017,Bucks PA,Bucks,PA
19021,Buena Vista IA,Buena Vista,IA
51530,Buena Vista city VA,Buena Vista city,VA
31019,Buffalo NE,Buffalo,NE
46017,Buffalo SD,Buffalo,SD
55011,Buffalo WI,Buffalo,WI
21029,Bullitt KY,Bullitt,KY
13031,Bulloch GA,Bulloch,GA
01011,Bullock AL,Bullock,AL
37021,Buncombe NC,Buncombe,NC
17011,Bureau IL,Bureau,IL
13033,Burke GA,Burke,GA
37023,Burke NC,Burke,NC
38013,Burke ND,Burke,ND
38015,Burleigh ND,Burleigh,ND
48051,Burleson TX,Burleson,TX
34005,Burlington NJ,Burlington,NJ
48053,Burnet TX,Burnet,TX
55013,Burnett WI,Burnett,WI
31021,Burt NE,Burt,NE
01013,Butler AL,Butler,AL
19023,Butler IA,Butler,IA
20015,Butler KS,Butler,KS
21031,Butler KY,Butler,KY
29023,Butler MO,Butler,MO
31023,Butler NE,Butler,NE
39017,Butler OH,Butler,OH
42019,Butler PA,Butler,PA
06007,Butte CA,Butte,CA
16023,Butte ID,Butte,ID
46019,Butte SD,Butte,SD
13035,Butts GA,Butts,GA
37025,Cabarrus NC,Cabarrus,NC
54011,Cabell WV,Cabell,WV
72023,Cabo Rojo Municipio PR,Cabo Rojo Municipio,PR
49005,Cache UT,Cache,UT
40015,Caddo OK,Caddo,OK
22017,Caddo Parish LA,Caddo Parish,LA
72025,Caguas Municipio PR,Caguas Municipio,PR
06009,Calaveras CA,Calaveras,CA
22019,Calcasieu Parish LA,Calcasieu Parish,LA
21033,Caldwell KY,Caldwell,KY
29025,Caldwell MO,Caldwell,MO
37027,Caldwell NC,Caldwell,NC
22021,Caldwell Parish LA,Caldwell Parish,LA
48055,Caldwell TX,Caldwell,TX
50005,Caledonia VT,Caledonia,VT
01015,Calhoun AL,Calhoun,AL
05013,Calhoun AR,Calhoun,AR
12013,Calhoun FL,Calhoun,FL
13037,Calhoun GA,Calhoun,GA
19025,Calhoun IA,Calhoun,IA
17013,Calhoun IL,Calhoun,IL
26025,Calhoun MI,Calhoun,MI
28013,Calhoun MS,Calhoun,MS
45017,Calhoun SC,Calhoun,SC
48057,Calhoun TX,Calhoun,TX
54013,Calhoun WV,Calhoun,WV
48059,Callahan TX,Callahan,TX
29027,Callaway MO,Callaway,MO
21035,Calloway KY,Calloway,KY
55015,Calumet WI,Calumet,WI
24009,Calvert MD,Calvert,MD
16025,Camas ID,Camas,ID
42021,Cambria PA,Cambria,PA
13039,Camden GA,Camden,GA
29029,Camden MO,Camden,MO
37029,Camden NC,Camden,NC
34007,Camden NJ,Camden,NJ
42023,Cameron PA,Cameron,PA
22023,Cameron Parish LA,Cameron Parish,LA
48061,Cameron TX,Cameron,TX
48063,Camp TX,Camp,TX
21037,Campbell KY,Campbell,KY
46021,Campbell SD,Campbell,SD
47013,Campbell TN,Campbell,TN
51031,Campbell VA,Campbell,VA
56005,Campbell WY,Campbell,WY
72027,Camuy Municipio PR,Camuy Municipio,PR
40017,Canadian OK,Canadian,OK
13043,Candler GA,Candler,GA
47015,Cannon TN,Cannon,TN
16027,Canyon ID,Canyon,ID
72029,Canóvanas Municipio PR,Canóvanas Municipio,PR
29031,Cape Girardeau MO,Cape Girardeau,MO
34009,Cape May NJ,Cape May,NJ
30009,Carbon MT,Carbon,MT
42025,Carbon PA,Carbon,PA
49007,Carbon UT,Carbon,UT
56007,Carbon WY,Carbon,WY
16029,Caribou ID,Caribou,ID
21039,Carlisle KY,Carlisle,KY
27017,Carlton MN,Carlton,MN
72031,Carolina Municipio PR,Carolina Municipio,PR
24011,Caroline MD,Caroline,MD
51033,Caroline VA,Caroline,VA
05015,Carroll AR,Carroll,AR
13045,Carroll GA,Carroll,GA
19027,Carroll IA,Carroll,IA
17015,Carroll IL,Carroll,IL
18015,Carroll IN,Carroll,IN
21041,Carroll KY,Carroll,KY
24013,Carroll MD,Carroll,MD
29033,Carroll MO,Carroll,MO
28015,Carroll MS,Carroll,MS
33003,Carroll NH,Carroll,NH
39019,Carroll OH,Carroll,OH
47017,Carroll TN,Carroll,TN
51035,Carroll VA,Carroll,VA
32510,Carson City NV,Carson City,NV
48065,Carson TX,Carson,TX
21043,Carter KY,Carter,KY
29035,Carter MO,Carter,MO
30011,Carter MT,Carter,MT
40019,Carter OK,Carter,OK
47019,Carter TN,Carter,TN
37031,Carteret NC,Carteret,NC
27019,Carver MN,Carver,MN
30013,Cascade MT,Cascade,MT
21045,Casey KY,Casey,KY
19029,Cass IA,Cass,IA
17017,Cass IL,Cass,IL
18017,Cass IN,Cass,IN
26027,Cass MI,Cass,MI
27021,Cass MN,Cass,MN
29037,Cass MO,Cass,MO
38017,Cass ND,Cass,ND
31025,Cass NE,Cass,NE
48067,Cass TX,Cass,TX
16031,Cassia ID,Cassia,ID
48069,Castro TX,Castro,TX
37033,Caswell NC,Caswell,NC
22025,Catahoula Parish LA,Catahoula Parish,LA
37035,Catawba NC,Catawba,NC
72033,Cataño Municipio PR,Cataño Municipio,PR
13047,Catoosa GA,Catoosa,GA
35003,Catron NM,Catron,NM
36009,Cattaraugus NY,Cattaraugus,NY
38019,Cavalier ND,Cavalier,ND
72035,Cayey Municipio PR,Cayey Municipio,PR
36011,Cayuga NY,Cayuga,NY
24015,Cecil MD,Cecil,MD
19031,Cedar IA,Cedar,IA
29039,Cedar MO,Cedar,MO
31027,Cedar NE,Cedar,NE
72037,Ceiba Municipio PR,Ceiba Municipio,PR
42027,Centre PA,Centre,PA
19033,Cerro Gordo IA,Cerro Gordo,IA
08015,Chaffee CO,Chaffee,CO
01017,Chambers AL,Chambers,AL
48071,Chambers TX,Chambers,TX
17019,Champaign IL,Champaign,IL
39021,Champaign OH,Champaign,OH
29041,Chariton MO,Chariton,MO
51036,Charles City VA,Charles City,VA
24017,Charles MD,Charles,MD
46023,Charles Mix SD,Charles Mix,SD
45019,Charleston SC,Charleston,SC
26029,Charlevoix MI,Charlevoix,MI
12015,Charlotte FL,Charlotte,FL
51037,Charlotte VA,Charlotte,VA
51540,Charlottesville city VA,Charlottesville city,VA
13049,Charlton GA,Charlton,GA
20017,Chase KS,Chase,KS
31029,Chase NE,Chase,NE
13051,Chatham GA,Chatham,GA
37037,Chatham NC,Chatham,NC
13053,Chattahoochee GA,Chattahoochee,GA
13055,Chattooga GA,Chattooga,GA
20019,Chautauqua KS,Chautauqua,KS
36013,Chautauqua NY,Chautauqua,NY
35005,Chaves NM,Chaves,NM
47021,Cheatham TN,Cheatham,TN
26031,Cheboygan MI,Cheboygan,MI
53007,Chelan WA,Chelan,WA
36015,Chemung NY,Chemung,NY
36017,Chenango NY,Chenango,NY
01019,Cherokee AL,Cherokee,AL
13057,Cherokee GA,Cherokee,GA
19035,Cherokee IA,Cherokee,IA
20021,Cherokee KS,Cherokee,KS
37039,Cherokee NC,Cherokee,NC
40021,Cherokee OK,Cherokee,OK
45021,Cherokee SC,Cherokee,SC
48073,Cherokee TX,Cherokee,TX
31031,Cherry NE,Cherry,NE
51550,Chesapeake city VA,Chesapeake city,VA
33005,Cheshire NH,Cheshire,NH
42029,Chester PA,Chester,PA
45023,Chester SC,Chester,SC
47023,Chester TN,Chester,TN
45025,Chesterfield SC,Chesterfield,SC
51041,Chesterfield VA,Chesterfield,VA
08017,Cheyenne CO,Cheyenne,CO
20023,Cheyenne KS,Cheyenne,KS
31033,Cheyenne NE,Cheyenne,NE
19037,Chickasaw IA,Chickasaw,IA
28017,Chickasaw MS,Chickasaw,MS
05017,Chicot AR,Chicot,AR
48075,Childress TX,Childress,TX
01021,Chilton AL,Chilton,AL
26033,Chippewa MI,Chippewa,MI
27023,Chippewa MN,Chippewa,MN
55017,Chippewa WI,Chippewa,WI
27025,Chisago MN,Chisago,MN
50007,Chittenden VT,Chittenden,VT
01023,Choctaw AL,Choctaw,AL
28019,Choctaw MS,Choctaw,MS
40023,Choctaw OK,Choctaw,OK
30015,Chouteau MT,Chouteau,MT
37041,Chowan NC,Chowan,NC
17021,Christian IL,Christian,IL
21047,Christian KY,Christian,KY
29043,Christian MO,Christian,MO
02063,Chugach Census Area AK,Chugach Census Area,AK
32001,Churchill NV,Churchill,NV
72039,Ciales Municipio PR,Ciales Municipio,PR
35006,Cibola NM,Cibola,NM
72041,Cidra Municipio PR,Cidra Municipio,PR
40025,Cimarron OK,Cimarron,OK
12017,Citrus FL,Citrus,FL
41005,Clackamas OR,Clackamas,OR
28021,Claiborne MS,Claiborne,MS
22027,Claiborne Parish LA,Claiborne Parish,LA
47025,Claiborne TN,Claiborne,TN
53009,Clallam WA,Clallam,WA
26035,Clare MI,Clare,MI
45027,Clarendon SC,Clarendon,SC
42031,Clarion PA,Clarion,PA
05019,Clark AR,Clark,AR
16033,Clark ID,Clark,ID
17023,Clark IL,Clark,IL
18019,Clark IN,Clark,IN
20025,Clark KS,Clark,KS
21049,Clark KY,Clark,KY
29045,Clark MO,Clark,MO
32003,Clark NV,Clark,NV
39023,Clark OH,Clark,OH
46025,Clark SD,Clark,SD
53011,Clark WA,Clark,WA
55019,Clark WI,Clark,WI
01025,Clarke AL,Clarke,AL
13059,Clarke GA,Clarke,GA
19039,Clarke IA,Clarke,IA
28023,Clarke MS,Clarke,MS
51043,Clarke VA,Clarke,VA
41007,Clatsop OR,Clatsop,OR
01027,Clay AL,Clay,AL
05021,Clay AR,Clay,AR
12019,Clay FL,Clay,FL
13061,Clay GA,Clay,GA
19041,Clay IA,Clay,IA
17025,Clay IL,Clay,IL
18021,Clay IN,Clay,IN
20027,Clay KS,Clay,KS
21051,Clay KY,Clay,KY
27027,Clay MN,Clay,MN
29047,Clay MO,Clay,MO
28025,Clay MS,Clay,MS
37043,Clay NC,Clay,NC
31035,Clay NE,Clay,NE
46027,Clay SD,Clay,SD
47027,Clay TN,Clay,TN
48077,Clay TX,Clay,TX
54015,Clay WV,Clay,WV
13063,Clayton GA,Clayton,GA
19043,Clayton IA,Clayton,IA
08019,Clear Creek CO,Clear Creek,CO
42033,Clearfield PA,Clearfield,PA
16035,Clearwater ID,Clearwater,ID
27029,Clearwater MN,Clearwater,MN
01029,Cleburne AL,Cleburne,AL
05023,Cleburne AR,Cleburne,AR
39025,Clermont OH,Clermont,OH
05025,Cleveland AR,Cleveland,AR
37045,Cleveland NC,Cleveland,NC
40027,Cleveland OK,Cleveland,OK
13065,Clinch GA,Clinch,GA
19045,Clinton IA,Clinton,IA
17027,Clinton IL,Clinton,IL
18023,Clinton IN,Clinton,IN
21053,Clinton KY,Clinton,KY
26037,Clinton MI,Clinton,MI
29049,Clinton MO,Clinton,MO
36019,Clinton NY,Clinton,NY
39027,Clinton OH,Clinton,OH
42035,Clinton PA,Clinton,PA
20029,Cloud KS,Cloud,KS
28027,Coahoma MS,Coahoma,MS
40029,Coal OK,Coal,OK
72043,Coamo Municipio PR,Coamo Municipio,PR
13067,Cobb GA,Cobb,GA
04003,Cochise AZ,Cochise,AZ
48079,Cochran TX,Cochran,TX
47029,Cocke TN,Cocke,TN
04005,Coconino AZ,Coconino,AZ
46029,Codington SD,Codington,SD
01031,Coffee AL,Coffee,AL
13069,Coffee GA,Coffee,GA
47031,Coffee TN,Coffee,TN
20031,Coffey KS,Coffey,KS
48081,Coke TX,Coke,TX
01033,Colbert AL,Colbert,AL
29051,Cole MO,Cole,MO
48083,Coleman TX,Coleman,TX
17029,Coles IL,Coles,IL
31037,Colfax NE,Colfax,NE
35007,Colfax NM,Colfax,NM
45029,Colleton SC,Colleton,SC
12021,Collier FL,Collier,FL
48085,Collin TX,Collin,TX
48087,Collingsworth TX,Collingsworth,TX
51570,Colonial Heights city VA,Colonial Heights city,VA
48089,Colorado TX,Colorado,TX
13071,Colquitt GA,Colquitt,GA
05027,Columbia AR,Columbia,AR
12023,Columbia FL,Columbia,FL
13073,Columbia GA,Columbia,GA
36021,Columbia NY,Columbia,NY
41009,Columbia OR,Columbia,OR
42037,Columbia PA,Columbia,PA
53013,Columbia WA,Columbia,WA
55021,Columbia WI,Columbia,WI
39029,Columbiana OH,Columbiana,OH
37047,Columbus NC,Columbus,NC
06011,Colusa CA,Colusa,CA
48091,Comal TX,Comal,TX
20033,Comanche KS,Comanche,KS
40031,Comanche OK,Comanche,OK
48093,Comanche TX,Comanche,TX
72045,Comerío Municipio PR,Comerío Municipio,PR
48095,Concho TX,Concho,TX
22029,Concordia Parish LA,Concordia Parish,LA
01035,Conecuh AL,Conecuh,AL
08021,Conejos CO,Conejos,CO
06013,Contra Costa CA,Contra Costa,CA
56009,Converse WY,Converse,WY
05029,Conway AR,Conway,AR
13075,Cook GA,Cook,GA
17031,Cook IL,Cook,IL
27031,Cook MN,Cook,MN
48097,Cooke TX,Cooke,TX
29053,Cooper MO,Cooper,MO
33007,Coos NH,Coos,NH
41011,Coos OR,Coos,OR
01037,Coosa AL,Coosa,AL
28029,Copiah MS,Copiah,MS
02066,Copper River Census Area AK,Copper River Census Area,AK
72047,Corozal Municipio PR,Corozal Municipio,PR
46031,Corson SD,Corson,SD
36023,Cortland NY,Cortland,NY
48099,Coryell TX,Coryell,TX
39031,Coshocton OH,Coshocton,OH
08023,Costilla CO,Costilla,CO
48101,Cottle TX,Cottle,TX
40033,Cotton OK,Cotton,OK
27033,Cottonwood MN,Cottonwood,MN
01039,Covington AL,Covington,AL
28031,Covington MS,Covington,MS
13077,Coweta GA,Coweta,GA
20035,Cowley KS,Cowley,KS
53015,Cowlitz WA,Cowlitz,WA
40035,Craig OK,Craig,OK
51045,Craig VA,Craig,VA
05031,Craighead AR,Craighead,AR
48103,Crane TX,Crane,TX
37049,Craven NC,Craven,NC
05033,Crawford AR,Crawford,AR
13079,Crawford GA,Crawford,GA
19047,Crawford IA,Crawford,IA
17033,Crawford IL,Crawford,IL
18025,Crawford IN,Crawford,IN
20037,Crawford KS,Crawford,KS
26039,Crawford MI,Crawford,MI
29055,Crawford MO,Crawford,MO
39033,Crawford OH,Crawford,OH
42039,Crawford PA,Crawford,PA
55023,Crawford WI,Crawford,WI
40037,Creek OK,Creek,OK
01041,Crenshaw AL,Crenshaw,AL
13081,Crisp GA,Crisp,GA
05035,Crittenden AR,Crittenden,AR
21055,Crittenden KY,Crittenden,KY
47033,Crockett TN,Crockett,TN
48105,Crockett TX,Crockett,TX
41013,Crook OR,Crook,OR
56011,Crook WY,Crook,WY
48107,Crosby TX,Crosby,TX
05037,Cross AR,Cross,AR
27035,Crow Wing MN,Crow Wing,MN
08025,Crowley CO,Crowley,CO
48109,Culberson TX,Culberson,TX
72049,Culebra Municipio PR,Culebra Municipio,PR
01043,Cullman AL,Cullman,AL
51047,Culpeper VA,Culpeper,VA
17035,Cumberland IL,Cumberland,IL
21057,Cumberland KY,Cumberland,KY
23005,Cumberland ME,Cumberland,ME
37051,Cumberland NC,Cumberland,NC
34011,Cumberland NJ,Cumberland,NJ
42041,Cumberland PA,Cumberland,PA
47035,Cumberland TN,Cumberland,TN
51049,Cumberland VA,Cumberland,VA
31039,Cuming NE,Cuming,NE
37053,Currituck NC,Currituck,NC
35009,Curry NM,Curry,NM
41015,Curry OR,Curry,OR
08027,Custer CO,Custer,CO
16037,Custer ID,Custer,ID
30017,Custer MT,Custer,MT
31041,Custer NE,Custer,NE
40039,Custer OK,Custer,OK
46033,Custer SD,Custer,SD
39035,Cuyahoga OH,Cuyahoga,OH
13083,Dade GA,Dade,GA
29057,Dade MO,Dade,MO
49009,Daggett UT,Daggett,UT
27037,Dakota MN,Dakota,MN
31043,Dakota NE,Dakota,NE
01045,Dale AL,Dale,AL
48111,Dallam TX,Dallam,TX
01047,Dallas AL,Dallas,AL
05039,Dallas AR,Dallas,AR
19049,Dallas IA,Dallas,IA
29059,Dallas MO,Dallas,MO
48113,Dallas TX,Dallas,TX
55025,Dane WI,Dane,WI
30019,Daniels MT,Daniels,MT
51590,Danville city VA,Danville city,VA
37055,Dare NC,Dare,NC
39037,Darke OH,Darke,OH
45031,Darlington SC,Darlington,SC
42043,Dauphin PA,Dauphin,PA
37057,Davidson NC,Davidson,NC
47037,Davidson TN,Davidson,TN
37059,Davie NC,Davie,NC
18027,Daviess IN,Daviess,IN
21059,Daviess KY,Daviess,KY
29061,Daviess MO,Daviess,MO
19051,Davis IA,Davis,IA
49011,Davis UT,Davis,UT
46035,Davison SD,Davison,SD
31045,Dawes NE,Dawes,NE
13085,Dawson GA,Dawson,GA
30021,Dawson MT,Dawson,MT
31047,Dawson NE,Dawson,NE
48115,Dawson TX,Dawson,TX
46037,Day SD,Day,SD
18033,De Kalb IN,De Kalb,IN
22031,De Soto Parish LA,De Soto Parish,LA
17039,De Witt IL,De Witt,IL
35011,DeBaca NM,DeBaca,NM
01049,DeKalb AL,DeKalb,AL
13089,DeKalb GA,DeKalb,GA
17037,DeKalb IL,DeKalb,IL
29063,DeKalb MO,DeKalb,MO
47041,DeKalb TN,DeKalb,TN
12027,DeSoto FL,DeSoto,FL
28033,DeSoto MS,DeSoto,MS
48123,DeWitt TX,DeWitt,TX
48117,Deaf Smith TX,Deaf Smith,TX
18029,Dearborn IN,Dearborn,IN
13087,Decatur GA,Decatur,GA
19053,Decatur IA,Decatur,IA
18031,Decatur IN,Decatur,IN
20039,Decatur KS,Decatur,KS
47039,Decatur TN,Decatur,TN
30023,Deer Lodge MT,Deer Lodge,MT
39039,Defiance OH,Defiance,OH
06015,Del Norte CA,Del Norte,CA
19055,Delaware IA,Delaware,IA
18035,Delaware IN,Delaware,IN
36025,Delaware NY,Delaware,NY
39041,Delaware OH,Delaware,OH
40041,Delaware OK,Delaware,OK
42045,Delaware PA,Delaware,PA
08029,Delta CO,Delta,CO
26041,Delta MI,Delta,MI
48119,Delta TX,Delta,TX
02068,Denali Borough AK,Denali Borough,AK
29065,Dent MO,Dent,MO
48121,Denton TX,Denton,TX
08031,Denver CO,Denver,CO
19057,Des Moines IA,Des Moines,IA
41017,Deschutes OR,Deschutes,OR
05041,Desha AR,Desha,AR
31049,Deuel NE,Deuel,NE
46039,Deuel SD,Deuel,SD
40043,Dewey OK,Dewey,OK
46041,Dewey SD,Dewey,SD
48125,Dickens TX,Dickens,TX
51051,Dickenson VA,Dickenson,VA
38021,Dickey ND,Dickey,ND
19059,Dickinson IA,Dickinson,IA
20041,Dickinson KS,Dickinson,KS
26043,Dickinson MI,Dickinson,MI
47043,Dickson TN,Dickson,TN
02070,Dillingham Census Area AK,Dillingham Census Area,AK
45033,Dillon SC,Dillon,SC
48127,Dimmit TX,Dimmit,TX
51053,Dinwiddie VA,Dinwiddie,VA
11001,District of Columbia DC,District of Columbia,DC
38023,Divide ND,Divide,ND
12029,Dixie FL,Dixie,FL
31051,Dixon NE,Dixon,NE
54017,Doddridge WV,Doddridge,WV
13091,Dodge GA,Dodge,GA
27039,Dodge MN,Dodge,MN
31053,Dodge NE,Dodge,NE
55027,Dodge WI,Dodge,WI
08033,Dolores CO,Dolores,CO
35013,Dona Ana NM,Dona Ana,NM
20043,Doniphan KS,Doniphan,KS
48129,Donley TX,Donley,TX
13093,Dooly GA,Dooly,GA
55029,Door WI,Door,WI
72051,Dorado Municipio PR,Dorado Municipio,PR
24019,Dorchester MD,Dorchester,MD
45035,Dorchester SC,Dorchester,SC
13095,Dougherty GA,Dougherty,GA
08035,Douglas CO,Douglas,CO
13097,Douglas GA,Douglas,GA
17041,Douglas IL,Douglas,IL
20045,Douglas KS,Douglas,KS
27041,Douglas MN,Douglas,MN
29067,Douglas MO,Douglas,MO
31055,Douglas NE,Douglas,NE
32005,Douglas NV,Douglas,NV
41019,Douglas OR,Douglas,OR
46043,Douglas SD,Douglas,SD
53017,Douglas WA,Douglas,WA
55031,Douglas WI,Douglas,WI
05043,Drew AR,Drew,AR
17043,DuPage IL,DuPage,IL
18037,Dubois IN,Dubois,IN
19061,Dubuque IA,Dubuque,IA
49013,Duchesne UT,Duchesne,UT
25007,Dukes MA,Dukes,MA
31057,Dundy NE,Dundy,NE
29069,Dunklin MO,Dunklin,MO
38025,Dunn ND,Dunn,ND
55033,Dunn WI,Dunn,WI
37061,Duplin NC,Duplin,NC
37063,Durham NC,Durham,NC
36027,Dutchess NY,Dutchess,NY
12031,Duval FL,Duval,FL
48131,Duval TX,Duval,TX
47045,Dyer TN,Dyer,TN
08037,Eagle CO,Eagle,CO
13099,Early GA,Early,GA
22033,East Baton Rouge Parish LA,East Baton Rouge Parish,LA
22035,East Carroll Parish LA,East Carroll Parish,LA
22037,East Feliciana Parish LA,East Feliciana Parish,LA
48133,Eastland TX,Eastland,TX
26045,Eaton MI,Eaton,MI
55035,Eau Claire WI,Eau Claire,WI
13101,Echols GA,Echols,GA
48135,Ector TX,Ector,TX
38027,Eddy ND,Eddy,ND
35015,Eddy NM,Eddy,NM
17045,Edgar IL,Edgar,IL
37065,Edgecombe NC,Edgecombe,NC
45037,Edgefield SC,Edgefield,SC
21061,Edmonson KY,Edmonson,KY
46045,Edmunds SD,Edmunds,SD
17047,Edwards IL,Edwards,IL
20047,Edwards KS,Edwards,KS
48137,Edwards TX,Edwards,TX
13103,Effingham GA,Effingham,GA
17049,Effingham IL,Effingham,IL
06017,El Dorado CA,El Dorado,CA
08041,El Paso CO,El Paso,CO
48141,El Paso TX,El Paso,TX
08039,Elbert CO,Elbert,CO
13105,Elbert GA,Elbert,GA
20049,Elk KS,Elk,KS
42047,Elk PA,Elk,PA
18039,Elkhart IN,Elkhart,IN
32007,Elko NV,Elko,NV
21063,Elliott KY,Elliott,KY
20051,Ellis KS,Ellis,KS
40045,Ellis OK,Ellis,OK
48139,Ellis TX,Ellis,TX
20053,Ellsworth KS,Ellsworth,KS
01051,Elmore AL,Elmore,AL
16039,Elmore ID,Elmore,ID
13107,Emanuel GA,Emanuel,GA
49015,Emery UT,Emery,UT
19063,Emmet IA,Emmet,IA
26047,Emmet MI,Emmet,MI
38029,Emmons ND,Emmons,ND
48143,Erath TX,Erath,TX
36029,Erie NY,Erie,NY
39043,Erie OH,Erie,OH
42049,Erie PA,Erie,PA
01053,Escambia AL,Escambia,AL
12033,Escambia FL,Escambia,FL
32009,Esmeralda NV,Esmeralda,NV
25009,Essex MA,Essex,MA
34013,Essex NJ,Essex,NJ
36031,Essex NY,Essex,NY
51057,Essex VA,Essex,VA
50009,Essex VT,Essex,VT
21065,Estill KY,Estill,KY
01055,Etowah AL,Etowah,AL
32011,Eureka NV,Eureka,NV
22039,Evangeline Parish LA,Evangeline Parish,LA
13109,Evans GA,Evans,GA
02090,Fairbanks North Star Borough AK,Fairbanks North Star Borough,AK
51059,Fairfax VA,Fairfax,VA
51600,Fairfax city VA,Fairfax city,VA
09001,Fairfield CT,Fairfield,CT
39045,Fairfield OH,Fairfield,OH
45039,Fairfield SC,Fairfield,SC
72053,Fajardo Municipio PR,Fajardo Municipio,PR
46047,Fall River SD,Fall River,SD
30025,Fallon MT,Fallon,MT
51610,Falls Church city VA,Falls Church city,VA
48145,Falls TX,Falls,TX
13111,Fannin GA,Fannin,GA
48147,Fannin TX,Fannin,TX
27043,Faribault MN,Faribault,MN
46049,Faulk SD,Faulk,SD
05045,Faulkner AR,Faulkner,AR
51061,Fauquier VA,Fauquier,VA
01057,Fayette AL,Fayette,AL
13113,Fayette GA,Fayette,GA
19065,Fayette IA,Fayette,IA
17051,Fayette IL,Fayette,IL
18041,Fayette IN,Fayette,IN
21067,Fayette KY,Fayette,KY
39047,Fayette OH,Fayette,OH
42051,Fayette PA,Fayette,PA
47047,Fayette TN,Fayette,TN
48149,Fayette TX,Fayette,TX
54019,Fayette WV,Fayette,WV
47049,Fentress TN,Fentress,TN
30027,Fergus MT,Fergus,MT
53019,Ferry WA,Ferry,WA
27045,Fillmore MN,Fillmore,MN
31059,Fillmore NE,Fillmore,NE
20055,Finney KS,Finney,KS
48151,Fisher TX,Fisher,TX
12035,Flagler FL,Flagler,FL
30029,Flathead MT,Flathead,MT
21069,Fleming KY,Fleming,KY
45041,Florence SC,Florence,SC
55037,Florence WI,Florence,WI
72054,Florida Municipio PR,Florida Municipio,PR
13115,Floyd GA,Floyd,GA
19067,Floyd IA,Floyd,IA
18043,Floyd IN,Floyd,IN
21071,Floyd KY,Floyd,KY
48153,Floyd TX,Floyd,TX
51063,Floyd VA,Floyd,VA
51065,Fluvanna VA,Fluvanna,VA
48155,Foard TX,Foard,TX
55039,Fond du Lac WI,Fond du Lac,WI
17053,Ford IL,Ford,IL
20057,Ford KS,Ford,KS
42053,Forest PA,Forest,PA
55041,Forest WI,Forest,WI
28035,Forrest MS,Forrest,MS
13117,Forsyth GA,Forsyth,GA
37067,Forsyth NC,Forsyth,NC
48157,Fort Bend TX,Fort Bend,TX
38031,Foster ND,Foster,ND
18045,Fountain IN,Fountain,IN
01059,Franklin AL,Franklin,AL
05047,Franklin AR,Franklin,AR
12037,Franklin FL,Franklin,FL
13119,Franklin GA,Franklin,GA
19069,Franklin IA,Franklin,IA
16041,Franklin ID,Franklin,ID
17055,Franklin IL,Franklin,IL
18047,Franklin IN,Franklin,IN
20059,Franklin KS,Franklin,KS
21073,Franklin KY,Franklin,KY
25011,Franklin MA,Franklin,MA
23007,Franklin ME,Franklin,ME
29071,Franklin MO,Franklin,MO
28037,Franklin MS,Franklin,MS
37069,Franklin NC,Franklin,NC
31061,Franklin NE,Franklin,NE
36033,Franklin NY,Franklin,NY
39049,Franklin OH,Franklin,OH
42055,Franklin PA,Franklin,PA
22041,Franklin Parish LA,Franklin Parish,LA
47051,Franklin TN,Franklin,TN
48159,Franklin TX,Franklin,TX
51067,Franklin VA,Franklin,VA
50011,Franklin VT,Franklin,VT
53021,Franklin WA,Franklin,WA
51620,Franklin city VA,Franklin city,VA
24021,Frederick MD,Frederick,MD
51069,Frederick VA,Frederick,VA
51630,Fredericksburg city VA,Fredericksburg city,VA
27047,Freeborn MN,Freeborn,MN
48161,Freestone TX,Freestone,TX
08043,Fremont CO,Fremont,CO
19071,Fremont IA,Fremont,IA
16043,Fremont ID,Fremont,ID
56013,Fremont WY,Fremont,WY
06019,Fresno CA,Fresno,CA
48163,Frio TX,Frio,TX
31063,Frontier NE,Frontier,NE
05049,Fulton AR,Fulton,AR
13121,Fulton GA,Fulton,GA
17057,Fulton IL,Fulton,IL
18049,Fulton IN,Fulton,IN
21075,Fulton KY,Fulton,KY
36035,Fulton NY,Fulton,NY
39051,Fulton OH,Fulton,OH
42057,Fulton PA,Fulton,PA
31065,Furnas NE,Furnas,NE
12039,Gadsden FL,Gadsden,FL
31067,Gage NE,Gage,NE
48165,Gaines TX,Gaines,TX
51640,Galax city VA,Galax city,VA
17059,Gallatin IL,Gallatin,IL
21077,Gallatin KY,Gallatin,KY
30031,Gallatin MT,Gallatin,MT
39053,Gallia OH,Gallia,OH
48167,Galveston TX,Galveston,TX
31069,Garden NE,Garden,NE
08045,Garfield CO,Garfield,CO
30033,Garfield MT,Garfield,MT
31071,Garfield NE,Garfield,NE
40047,Garfield OK,Garfield,OK
49017,Garfield UT,Garfield,UT
53023,Garfield WA,Garfield,WA
05051,Garland AR,Garland,AR
21079,Garrard KY,Garrard,KY
24023,Garrett MD,Garrett,MD
40049,Garvin OK,Garvin,OK
48169,Garza TX,Garza,TX
29073,Gasconade MO,Gasconade,MO
37071,Gaston NC,Gaston,NC
37073,Gates NC,Gates,NC
20061,Geary KS,Geary,KS
39055,Geauga OH,Geauga,OH
16045,Gem ID,Gem,ID
26049,Genesee MI,Genesee,MI
36037,Genesee NY,Genesee,NY
01061,Geneva AL,Geneva,AL
29075,Gentry MO,Gentry,MO
28039,George MS,George,MS
45043,Georgetown SC,Georgetown,SC
18051,Gibson IN,Gibson,IN
47053,Gibson TN,Gibson,TN
04007,Gila AZ,Gila,AZ
12041,Gilchrist FL,Gilchrist,FL
47055,Giles TN,Giles,TN
51071,Giles VA,Giles,VA
48171,Gillespie TX,Gillespie,TX
41021,Gilliam OR,Gilliam,OR
13123,Gilmer GA,Gilmer,GA
54021,Gilmer WV,Gilmer,WV
08047,Gilpin CO,Gilpin,CO
30035,Glacier MT,Glacier,MT
12043,Glades FL,Glades,FL
26051,Gladwin MI,Gladwin,MI
13125,Glascock GA,Glascock,GA
48173,Glasscock TX,Glasscock,TX
06021,Glenn CA,Glenn,CA
34015,Gloucester NJ,Gloucester,NJ
51073,Gloucester VA,Gloucester,VA
13127,Glynn GA,Glynn,GA
26053,Gogebic MI,Gogebic,MI
30037,Golden Valley MT,Golden Valley,MT
38033,Golden Valley ND,Golden Valley,ND
48175,Goliad TX,Goliad,TX
48177,Gonzales TX,Gonzales,TX
51075,Goochland VA,Goochland,VA
27049,Goodhue MN,Goodhue,MN
16047,Gooding ID,Gooding,ID
13129,Gordon GA,Gordon,GA
56015,Goshen WY,Goshen,WY
31073,Gosper NE,Gosper,NE
20063,Gove KS,Gove,KS
13131,Grady GA,Grady,GA
40051,Grady OK,Grady,OK
33009,Grafton NH,Grafton,NH
04009,Graham AZ,Graham,AZ
20065,Graham KS,Graham,KS
37075,Graham NC,Graham,NC
47057,Grainger TN,Grainger,TN
08049,Grand CO,Grand,CO
38035,Grand Forks ND,Grand Forks,ND
50013,Grand Isle VT,Grand Isle,VT
26055,Grand Traverse MI,Grand Traverse,MI
49019,Grand UT,Grand,UT
30039,Granite MT,Granite,MT
05053,Grant AR,Grant,AR
18053,Grant IN,Grant,IN
20067,Grant KS,Grant,KS
21081,Grant KY,Grant,KY
27051,Grant MN,Grant,MN
38037,Grant ND,Grant,ND
31075,Grant NE,Grant,NE
35017,Grant NM,Grant,NM
40053,Grant OK,Grant,OK
41023,Grant OR,Grant,OR
22043,Grant Parish LA,Grant Parish,LA
46051,Grant SD,Grant,SD
53025,Grant WA,Grant,WA
55043,Grant WI,Grant,WI
54023,Grant WV,Grant,WV
37077,Granville NC,Granville,NC
26057,Gratiot MI,Gratiot,MI
21083,Graves KY,Graves,KY
20069,Gray KS,Gray,KS
48179,Gray TX,Gray,TX
53027,Grays Harbor WA,Grays Harbor,WA
21085,Grayson KY,Grayson,KY
48181,Grayson TX,Grayson,TX
51077,Grayson VA,Grayson,VA
20071,Greeley KS,Greeley,KS
31077,Greeley NE,Greeley,NE
21087,Green KY,Green,KY
55047,Green Lake WI,Green Lake,WI
55045,Green WI,Green,WI
54025,Greenbrier WV,Greenbrier,WV
01063,Greene AL,Greene,AL
05055,Greene AR,Greene,AR
13133,Greene GA,Greene,GA
19073,Greene IA,Greene,IA
17061,Greene IL,Greene,IL
18055,Greene IN,Greene,IN
29077,Greene MO,Greene,MO
28041,Greene MS,Greene,MS
37079,Greene NC,Greene,NC
36039,Greene NY,Greene,NY
39057,Greene OH,Greene,OH
42059,Greene PA,Greene,PA
47059,Greene TN,Greene,TN
51079,Greene VA,Greene,VA
04011,Greenlee AZ,Greenlee,AZ
51081,Greensville VA,Greensville,VA
21089,Greenup KY,Greenup,KY
45045,Greenville SC,Greenville,SC
20073,Greenwood KS,Greenwood,KS
45047,Greenwood SC,Greenwood,SC
40055,Greer OK,Greer,OK
48183,Gregg TX,Gregg,TX
46053,Gregory SD,Gregory,SD
28043,Grenada MS,Grenada,MS
38039,Griggs ND,Griggs,ND
48185,Grimes TX,Grimes,TX
19075,Grundy IA,Grundy,IA
17063,Grundy IL,Grundy,IL
29079,Grundy MO,Grundy,MO
47061,Grundy TN,Grundy,TN
35019,Guadalupe NM,Guadalupe,NM
48187,Guadalupe TX,Guadalupe,TX
66010,Guam GU,Guam,GU
72057,Guayama Municipio PR,Guayama Municipio,PR
72059,Guayanilla Municipio PR,Guayanilla Municipio,PR
72061,Guaynabo Municipio PR,Guaynabo Municipio,PR
39059,Guernsey OH,Guernsey,OH
37081,Guilford NC,Guilford,NC
12045,Gulf FL,Gulf,FL
08051,Gunnison CO,Gunnison,CO
72063,Gurabo Municipio PR,Gurabo Municipio,PR
19077,Guthrie IA,Guthrie,IA
72055,Guánica Municipio PR,Guánica Municipio,PR
13135,Gwinnett GA,Gwinnett,GA
46055,Haakon SD,Haakon,SD
13137,Habersham GA,Habersham,GA
02100,Haines Borough AK,Haines Borough,AK
01065,Hale AL,Hale,AL
48189,Hale TX,Hale,TX
37083,Halifax NC,Halifax,NC
51083,Halifax VA,Halifax,VA
13139,Hall GA,Hall,GA
31079,Hall NE,Hall,NE
48191,Hall TX,Hall,TX
47063,Hamblen TN,Hamblen,TN
12047,Hamilton FL,Hamilton,FL
19079,Hamilton IA,Hamilton,IA
17065,Hamilton IL,Hamilton,IL
18057,Hamilton IN,Hamilton,IN
20075,Hamilton KS,Hamilton,KS
31081,Hamilton NE,Hamilton,NE
36041,Hamilton NY,Hamilton,NY
39061,Hamilton OH,Hamilton,OH
47065,Hamilton TN,Hamilton,TN
48193,Hamilton TX,Hamilton,TX
46057,Hamlin SD,Hamlin,SD
25013,Hampden MA,Hampden,MA
25015,Hampshire MA,Hampshire,MA
54027,Hampshire WV,Hampshire,WV
45049,Hampton SC,Hampton,SC
51650,Hampton city VA,Hampton city,VA
13141,Hancock GA,Hancock,GA
19081,Hancock IA,Hancock,IA
17067,Hancock IL,Hancock,IL
18059,Hancock IN,Hancock,IN
21091,Hancock KY,Hancock,KY
23009,Hancock ME,Hancock,ME
28045,Hancock MS,Hancock,MS
39063,Hancock OH,Hancock,OH
47067,Hancock TN,Hancock,TN
54029,Hancock WV,Hancock,WV
46059,Hand SD,Hand,SD
51085,Hanover VA,Hanover,VA
48195,Hansford TX,Hansford,TX
46061,Hanson SD,Hanson,SD
13143,Haralson GA,Haralson,GA
12049,Hardee FL,Hardee,FL
47069,Hardeman TN,Hardeman,TN
48197,Hardeman TX,Hardeman,TX
19083,Hardin IA,Hardin,IA
17069,Hardin IL,Hardin,IL
21093,Hardin KY,Hardin,KY
39065,Hardin OH,Hardin,OH
47071,Hardin TN,Hardin,TN
48199,Hardin TX,Hardin,TX
35021,Harding NM,Harding,NM
46063,Harding SD,Harding,SD
54031,Hardy WV,Hardy,WV
24025,Harford MD,Harford,MD
21095,Harlan KY,Harlan,KY
31083,Harlan NE,Harlan,NE
40057,Harmon OK,Harmon,OK
37085,Harnett NC,Harnett,NC
41025,Harney OR,Harney,OR
20077,Harper KS,Harper,KS
40059,Harper OK,Harper,OK
13145,Harris GA,Harris,GA
48201,Harris TX,Harris,TX
19085,Harrison IA,Harrison,IA
18061,Harrison IN,Harrison,IN
21097,Harrison KY,Harrison,KY
29081,Harrison MO,Harrison,MO
28047,Harrison MS,Harrison,MS
39067,Harrison OH,Harrison,OH
48203,Harrison TX,Harrison,TX
54033,Harrison WV,Harrison,WV
51660,Harrisonburg city VA,Harrisonburg city,VA
13147,Hart GA,Hart,GA
21099,Hart KY,Hart,KY
09003,Hartford CT,Hartford,CT
48205,Hartley TX,Hartley,TX
20079,Harvey KS,Harvey,KS
20081,Haskell KS,Haskell,KS
40061,Haskell OK,Haskell,OK
48207,Haskell TX,Haskell,TX
72065,Hatillo Municipio PR,Hatillo Municipio,PR
15001,Hawaii HI,Hawaii,HI
47073,Hawkins TN,Hawkins,TN
31085,Hayes NE,Hayes,NE
48209,Hays TX,Hays,TX
37087,Haywood NC,Haywood,NC
47075,Haywood TN,Haywood,TN
13149,Heard GA,Heard,GA
48211,Hemphill TX,Hemphill,TX
05057,Hempstead AR,Hempstead,AR
17071,Henderson IL,Henderson,IL
21101,Henderson KY,Henderson,KY
37089,Henderson NC,Henderson,NC
47077,Henderson TN,Henderson,TN
48213,Henderson TX,Henderson,TX
18063,Hendricks IN,Hendricks,IN
12051,Hendry FL,Hendry,FL
27053,Hennepin MN,Hennepin,MN
51087,Henrico VA,Henrico,VA
01067,Henry AL,Henry,AL
13151,Henry GA,Henry,GA
19087,Henry IA,Henry,IA
17073,Henry IL,Henry,IL
18065,Henry IN,Henry,IN
21103,Henry KY,Henry,KY
29083,Henry MO,Henry,MO
39069,Henry OH,Henry,OH
47079,Henry TN,Henry,TN
51089,Henry VA,Henry,VA
36043,Herkimer NY,Herkimer,NY
12053,Hernando FL,Hernando,FL
37091,Hertford NC,Hertford,NC
38041,Hettinger ND,Hettinger,ND
21105,Hickman KY,Hickman,KY
47081,Hickman TN,Hickman,TN
29085,Hickory MO,Hickory,MO
35023,Hidalgo NM,Hidalgo,NM
48215,Hidalgo TX,Hidalgo,TX
39071,Highland OH,Highland,OH
51091,Highland VA,Highland,VA
12055,Highlands FL,Highlands,FL
30041,Hill MT,Hill,MT
48217,Hill TX,Hill,TX
12057,Hillsborough FL,Hillsborough,FL
33011,Hillsborough NH,Hillsborough,NH
26059,Hillsdale MI,Hillsdale,MI
28049,Hinds MS,Hinds,MS
08053,Hinsdale CO,Hinsdale,CO
31087,Hitchcock NE,Hitchcock,NE
39073,Hocking OH,Hocking,OH
48219,Hockley TX,Hockley,TX
20083,Hodgeman KS,Hodgeman,KS
37093,Hoke NC,Hoke,NC
12059,Holmes FL,Holmes,FL
28051,Holmes MS,Holmes,MS
39075,Holmes OH,Holmes,OH
29087,Holt MO,Holt,MO
31089,Holt NE,Holt,NE
15003,Honolulu HI,Honolulu,HI
41027,Hood River OR,Hood River,OR
48221,Hood TX,Hood,TX
31091,Hooker NE,Hooker,NE
02105,Hoonah-Angoon Census Area,Hoonah-Angoon Census Ar,ea
51670,Hopewell city VA,Hopewell city,VA
21107,Hopkins KY,Hopkins,KY
48223,Hopkins TX,Hopkins,TX
72067,Hormigueros Municipio PR,Hormigueros Municipio,PR
45051,Horry SC,Horry,SC
05059,Hot Spring AR,Hot Spring,AR
56017,Hot Springs WY,Hot Springs,WY
26061,Houghton MI,Houghton,MI
01069,Houston AL,Houston,AL
13153,Houston GA,Houston,GA
27055,Houston MN,Houston,MN
47083,Houston TN,Houston,TN
48225,Houston TX,Houston,TX
05061,Howard AR,Howard,AR
19089,Howard IA,Howard,IA
18067,Howard IN,Howard,IN
24027,Howard MD,Howard,MD
29089,Howard MO,Howard,MO
31093,Howard NE,Howard,NE
48227,Howard TX,Howard,TX
29091,Howell MO,Howell,MO
27057,Hubbard MN,Hubbard,MN
34017,Hudson NJ,Hudson,NJ
48229,Hudspeth TX,Hudspeth,TX
08055,Huerfano CO,Huerfano,CO
40063,Hughes OK,Hughes,OK
46065,Hughes SD,Hughes,SD
72069,Humacao Municipio PR,Humacao Municipio,PR
06023,Humboldt CA,Humboldt,CA
19091,Humboldt IA,Humboldt,IA
32013,Humboldt NV,Humboldt,NV
28053,Humphreys MS,Humphreys,MS
47085,Humphreys TN,Humphreys,TN
48231,Hunt TX,Hunt,TX
34019,Hunterdon NJ,Hunterdon,NJ
42061,Huntingdon PA,Huntingdon,PA
18069,Huntington IN,Huntington,IN
26063,Huron MI,Huron,MI
39077,Huron OH,Huron,OH
46067,Hutchinson SD,Hutchinson,SD
48233,Hutchinson TX,Hutchinson,TX
37095,Hyde NC,Hyde,NC
46069,Hyde SD,Hyde,SD
22045,Iberia Parish LA,Iberia Parish,LA
22047,Iberville Parish LA,Iberville Parish,LA
19093,Ida IA,Ida,IA
16049,Idaho ID,Idaho,ID
06025,Imperial CA,Imperial,CA
05063,Independence AR,Independence,AR
12061,Indian River FL,Indian River,FL
42063,Indiana PA,Indiana,PA
26065,Ingham MI,Ingham,MI
06027,Inyo CA,Inyo,CA
26067,Ionia MI,Ionia,MI
26069,Iosco MI,Iosco,MI
19095,Iowa IA,Iowa,IA
55049,Iowa WI,Iowa,WI
37097,Iredell NC,Iredell,NC
48235,Irion TX,Irion,TX
26071,Iron MI,Iron,MI
29093,Iron MO,Iron,MO
49021,Iron UT,Iron,UT
55051,Iron WI,Iron,WI
17075,Iroquois IL,Iroquois,IL
13155,Irwin GA,Irwin,GA
72071,Isabela Municipio PR,Isabela Municipio,PR
26073,Isabella MI,Isabella,MI
27059,Isanti MN,Isanti,MN
53029,Island WA,Island,WA
51093,Isle of Wight VA,Isle of Wight,VA
28055,Issaquena MS,Issaquena,MS
27061,Itasca MN,Itasca,MN
28057,Itawamba MS,Itawamba,MS
05065,Izard AR,Izard,AR
48237,Jack TX,Jack,TX
01071,Jackson AL,Jackson,AL
05067,Jackson AR,Jackson,AR
08057,Jackson CO,Jackson,CO
12063,Jackson FL,Jackson,FL
13157,Jackson GA,Jackson,GA
19097,Jackson IA,Jackson,IA
17077,Jackson IL,Jackson,IL
18071,Jackson IN,Jackson,IN
20085,Jackson KS,Jackson,KS
21109,Jackson KY,Jackson,KY
26075,Jackson MI,Jackson,MI
27063,Jackson MN,Jackson,MN
29095,Jackson MO,Jackson,MO
28059,Jackson MS,Jackson,MS
37099,Jackson NC,Jackson,NC
39079,Jackson OH,Jackson,OH
40065,Jackson OK,Jackson,OK
41029,Jackson OR,Jackson,OR
22049,Jackson Parish LA,Jackson Parish,LA
46071,Jackson SD,Jackson,SD
47087,Jackson TN,Jackson,TN
48239,Jackson TX,Jackson,TX
55053,Jackson WI,Jackson,WI
54035,Jackson WV,Jackson,WV
51095,James City VA,James City,VA
13159,Jasper GA,Jasper,GA
19099,Jasper IA,Jasper,IA
17079,Jasper IL,Jasper,IL
18073,Jasper IN,Jasper,IN
29097,Jasper MO,Jasper,MO
28061,Jasper MS,Jasper,MS
45053,Jasper SC,Jasper,SC
48241,Jasper TX,Jasper,TX
18075,Jay IN,Jay,IN
72073,Jayuya Municipio PR,Jayuya Municipio,PR
13161,Jeff Davis GA,Jeff Davis,GA
48243,Jeff Davis TX,Jeff Davis,TX
01073,Jefferson AL,Jefferson,AL
05069,Jefferson AR,Jefferson,AR
08059,Jefferson CO,Jefferson,CO
28065,Jefferson Davis MS,Jefferson Davis,MS
22053,Jefferson Davis Parish LA,Jefferson Davis Parish,LA
12065,Jefferson FL,Jefferson,FL
13163,Jefferson GA,Jefferson,GA
19101,Jefferson IA,Jefferson,IA
16051,Jefferson ID,Jefferson,ID
17081,Jefferson IL,Jefferson,IL
18077,Jefferson IN,Jefferson,IN
20087,Jefferson KS,Jefferson,KS
21111,Jefferson KY,Jefferson,KY
29099,Jefferson MO,Jefferson,MO
28063,Jefferson MS,Jefferson,MS
30043,Jefferson MT,Jefferson,MT
31095,Jefferson NE,Jefferson,NE
36045,Jefferson NY,Jefferson,NY
39081,Jefferson OH,Jefferson,OH
40067,Jefferson OK,Jefferson,OK
41031,Jefferson OR,Jefferson,OR
42065,Jefferson PA,Jefferson,PA
22051,Jefferson Parish LA,Jefferson Parish,LA
47089,Jefferson TN,Jefferson,TN
48245,Jefferson TX,Jefferson,TX
53031,Jefferson WA,Jefferson,WA
55055,Jefferson WI,Jefferson,WI
54037,Jefferson WV,Jefferson,WV
13165,Jenkins GA,Jenkins,GA
18079,Jennings IN,Jennings,IN
46073,Jerauld SD,Jerauld,SD
16053,Jerome ID,Jerome,ID
17083,Jersey IL,Jersey,IL
21113,Jessamine KY,Jessamine,KY
20089,Jewell KS,Jewell,KS
48247,Jim Hogg TX,Jim Hogg,TX
48249,Jim Wells TX,Jim Wells,TX
17085,Jo Daviess IL,Jo Daviess,IL
05071,Johnson AR,Johnson,AR
13167,Johnson GA,Johnson,GA
19103,Johnson IA,Johnson,IA
17087,Johnson IL,Johnson,IL
18081,Johnson IN,Johnson,IN
20091,Johnson KS,Johnson,KS
21115,Johnson KY,Johnson,KY
29101,Johnson MO,Johnson,MO
31097,Johnson NE,Johnson,NE
47091,Johnson TN,Johnson,TN
48251,Johnson TX,Johnson,TX
56019,Johnson WY,Johnson,WY
37101,Johnston NC,Johnston,NC
40069,Johnston OK,Johnston,OK
13169,Jones GA,Jones,GA
19105,Jones IA,Jones,IA
28067,Jones MS,Jones,MS
37103,Jones NC,Jones,NC
46075,Jones SD,Jones,SD
48253,Jones TX,Jones,TX
41033,Josephine OR,Josephine,OR
49023,Juab UT,Juab,UT
72075,Juana Díaz Municipio PR,Juana Díaz Municipio,PR
30045,Judith Basin MT,Judith Basin,MT
72077,Juncos Municipio PR,Juncos Municipio,PR
02110,Juneau Borough AK,Juneau Borough,AK
55057,Juneau WI,Juneau,WI
42067,Juniata PA,Juniata,PA
26077,Kalamazoo MI,Kalamazoo,MI
15005,Kalawao HI,Kalawao,HI
26079,Kalkaska MI,Kalkaska,MI
27065,Kanabec MN,Kanabec,MN
54039,Kanawha WV,Kanawha,WV
27067,Kandiyohi MN,Kandiyohi,MN
17089,Kane IL,Kane,IL
49025,Kane UT,Kane,UT
17091,Kankakee IL,Kankakee,IL
48255,Karnes TX,Karnes,TX
15007,Kauai HI,Kauai,HI
48257,Kaufman TX,Kaufman,TX
40071,Kay OK,Kay,OK
31099,Kearney NE,Kearney,NE
20093,Kearny KS,Kearny,KS
31101,Keith NE,Keith,NE
28069,Kemper MS,Kemper,MS
02122,Kenai Peninsula Borough AK,Kenai Peninsula Borough,AK
17093,Kendall IL,Kendall,IL
48259,Kendall TX,Kendall,TX
48261,Kenedy TX,Kenedy,TX
23011,Kennebec ME,Kennebec,ME
55059,Kenosha WI,Kenosha,WI
10001,Kent DE,Kent,DE
24029,Kent MD,Kent,MD
26081,Kent MI,Kent,MI
44003,Kent RI,Kent,RI
48263,Kent TX,Kent,TX
21117,Kenton KY,Kenton,KY
19107,Keokuk IA,Keokuk,IA
06029,Kern CA,Kern,CA
48265,Kerr TX,Kerr,TX
45055,Kershaw SC,Kershaw,SC
02130,Ketchikan Gateway Borough AK,Ketchikan Gateway Borough,AK
55061,Kewaunee WI,Kewaunee,WI
26083,Keweenaw MI,Keweenaw,MI
31103,Keya Paha NE,Keya Paha,NE
38043,Kidder ND,Kidder,ND
31105,Kimball NE,Kimball,NE
48267,Kimble TX,Kimble,TX
51099,King George VA,King George,VA
48269,King TX,King,TX
53033,King WA,King,WA
51101,King William VA,King William,VA
51097,King and Queen VA,King and Queen,VA
40073,Kingfisher OK,Kingfisher,OK
20095,Kingman KS,Kingman,KS
06031,Kings CA,Kings,CA
36047,Kings NY,Kings,NY
46077,Kingsbury SD,Kingsbury,SD
48271,Kinney TX,Kinney,TX
08061,Kiowa CO,Kiowa,CO
20097,Kiowa KS,Kiowa,KS
40075,Kiowa OK,Kiowa,OK
08063,Kit Carson CO,Kit Carson,CO
53035,Kitsap WA,Kitsap,WA
53037,Kittitas WA,Kittitas,WA
27069,Kittson MN,Kittson,MN
41035,Klamath OR,Klamath,OR
48273,Kleberg TX,Kleberg,TX
53039,Klickitat WA,Klickitat,WA
21119,Knott KY,Knott,KY
17095,Knox IL,Knox,IL
18083,Knox IN,Knox,IN
21121,Knox KY,Knox,KY
23013,Knox ME,Knox,ME
29103,Knox MO,Knox,MO
31107,Knox NE,Knox,NE
39083,Knox OH,Knox,OH
47093,Knox TN,Knox,TN
48275,Knox TX,Knox,TX
02150,Kodiak Island Borough AK,Kodiak Island Borough,AK
27071,Koochiching MN,Koochiching,MN
16055,Kootenai ID,Kootenai,ID
18085,Kosciusko IN,Kosciusko,IN
19109,Kossuth IA,Kossuth,IA
02158,Kusilvak Census Area AK (N),Kusilvak Census Area AK (,N)
55063,La Crosse WI,La Crosse,WI
04012,La Paz AZ,La Paz,AZ
08067,La Plata CO,La Plata,CO
18091,La Porte IN,La Porte,IN
17099,La Salle IL,La Salle,IL
22059,La Salle Parish LA,La Salle Parish,LA
48283,La Salle TX,La Salle,TX
38045,LaMoure ND,LaMoure,ND
20099,Labette KS,Labette,KS
27073,Lac qui Parle MN,Lac qui Parle,MN
42069,Lackawanna PA,Lackawanna,PA
29105,Laclede MO,Laclede,MO
05073,Lafayette AR,Lafayette,AR
12067,Lafayette FL,Lafayette,FL
29107,Lafayette MO,Lafayette,MO
28071,Lafayette MS,Lafayette,MS
22055,Lafayette Parish LA,Lafayette Parish,LA
55065,Lafayette WI,Lafayette,WI
22057,Lafourche Parish LA,Lafourche Parish,LA
18087,Lagrange IN,Lagrange,IN
72079,Lajas Municipio PR,Lajas Municipio,PR
06033,Lake CA,Lake,CA
08065,Lake CO,Lake,CO
12069,Lake FL,Lake,FL
17097,Lake IL,Lake,IL
18089,Lake IN,Lake,IN
26085,Lake MI,Lake,MI
27075,Lake MN,Lake,MN
30047,Lake MT,Lake,MT
39085,Lake OH,Lake,OH
41037,Lake OR,Lake,OR
46079,Lake SD,Lake,SD
47095,Lake TN,Lake,TN
02164,Lake and Peninsula Borough AK,Lake and Peninsula Borough,AK
27077,Lake of the Woods MN,Lake of the Woods,MN
01075,Lamar AL,Lamar,AL
13171,Lamar GA,Lamar,GA
28073,Lamar MS,Lamar,MS
48277,Lamar TX,Lamar,TX
48279,Lamb TX,Lamb,TX
50015,Lamoille VT,Lamoille,VT
48281,Lampasas TX,Lampasas,TX
31109,Lancaster NE,Lancaster,NE
42071,Lancaster PA,Lancaster,PA
45057,Lancaster SC,Lancaster,SC
51103,Lancaster VA,Lancaster,VA
32015,Lander NV,Lander,NV
20101,Lane KS,Lane,KS
41039,Lane OR,Lane,OR
55067,Langlade WI,Langlade,WI
13173,Lanier GA,Lanier,GA
26087,Lapeer MI,Lapeer,MI
56021,Laramie WY,Laramie,WY
72081,Lares Municipio PR,Lares Municipio,PR
08069,Larimer CO,Larimer,CO
21123,Larue KY,Larue,KY
08071,Las Animas CO,Las Animas,CO
72083,Las Marías Municipio PR,Las Marías Municipio,PR
72085,Las Piedras Municipio PR,Las Piedras Municipio,PR
06035,Lassen CA,Lassen,CA
16057,Latah ID,Latah,ID
40077,Latimer OK,Latimer,OK
01077,Lauderdale AL,Lauderdale,AL
28075,Lauderdale MS,Lauderdale,MS
47097,Lauderdale TN,Lauderdale,TN
21125,Laurel KY,Laurel,KY
13175,Laurens GA,Laurens,GA
45059,Laurens SC,Laurens,SC
48285,Lavaca TX,Lavaca,TX
01079,Lawrence AL,Lawrence,AL
05075,Lawrence AR,Lawrence,AR
17101,Lawrence IL,Lawrence,IL
18093,Lawrence IN,Lawrence,IN
21127,Lawrence KY,Lawrence,KY
29109,Lawrence MO,Lawrence,MO
28077,Lawrence MS,Lawrence,MS
39087,Lawrence OH,Lawrence,OH
42073,Lawrence PA,Lawrence,PA
46081,Lawrence SD,Lawrence,SD
47099,Lawrence TN,Lawrence,TN
40079,Le Flore OK,Le Flore,OK
27079,Le Sueur MN,Le Sueur,MN
35025,Lea NM,Lea,NM
28079,Leake MS,Leake,MS
20103,Leavenworth KS,Leavenworth,KS
42075,Lebanon PA,Lebanon,PA
01081,Lee AL,Lee,AL
05077,Lee AR,Lee,AR
12071,Lee FL,Lee,FL
13177,Lee GA,Lee,GA
19111,Lee IA,Lee,IA
17103,Lee IL,Lee,IL
21129,Lee KY,Lee,KY
28081,Lee MS,Lee,MS
37105,Lee NC,Lee,NC
45061,Lee SC,Lee,SC
48287,Lee TX,Lee,TX
51105,Lee VA,Lee,VA
26089,Leelanau MI,Leelanau,MI
28083,Leflore MS,Leflore,MS
42077,Lehigh PA,Lehigh,PA
16059,Lemhi ID,Lemhi,ID
26091,Lenawee MI,Lenawee,MI
37107,Lenoir NC,Lenoir,NC
12073,Leon FL,Leon,FL
48289,Leon TX,Leon,TX
21131,Leslie KY,Leslie,KY
21133,Letcher KY,Letcher,KY
12075,Levy FL,Levy,FL
16061,Lewis ID,Lewis,ID
21135,Lewis KY,Lewis,KY
29111,Lewis MO,Lewis,MO
36049,Lewis NY,Lewis,NY
47101,Lewis TN,Lewis,TN
53041,Lewis WA,Lewis,WA
54041,Lewis WV,Lewis,WV
30049,Lewis and Clark MT,Lewis and Clark,MT
45063,Lexington SC,Lexington,SC
12077,Liberty FL,Liberty,FL
13179,Liberty GA,Liberty,GA
30051,Liberty MT,Liberty,MT
48291,Liberty TX,Liberty,TX
39089,Licking OH,Licking,OH
01083,Limestone AL,Limestone,AL
48293,Limestone TX,Limestone,TX
05079,Lincoln AR,Lincoln,AR
08073,Lincoln CO,Lincoln,CO
13181,Lincoln GA,Lincoln,GA
16063,Lincoln ID,Lincoln,ID
20105,Lincoln KS,Lincoln,KS
21137,Lincoln KY,Lincoln,KY
23015,Lincoln ME,Lincoln,ME
27081,Lincoln MN,Lincoln,MN
29113,Lincoln MO,Lincoln,MO
28085,Lincoln MS,Lincoln,MS
30053,Lincoln MT,Lincoln,MT
37109,Lincoln NC,Lincoln,NC
31111,Lincoln NE,Lincoln,NE
35027,Lincoln NM,Lincoln,NM
32017,Lincoln NV,Lincoln,NV
40081,Lincoln OK,Lincoln,OK
41041,Lincoln OR,Lincoln,OR
22061,Lincoln Parish LA,Lincoln Parish,LA
46083,Lincoln SD,Lincoln,SD
47103,Lincoln TN,Lincoln,TN
53043,Lincoln WA,Lincoln,WA
55069,Lincoln WI,Lincoln,WI
54043,Lincoln WV,Lincoln,WV
56023,Lincoln WY,Lincoln,WY
19113,Linn IA,Linn,IA
20107,Linn KS,Linn,KS
29115,Linn MO,Linn,MO
41043,Linn OR,Linn,OR
48295,Lipscomb TX,Lipscomb,TX
09005,Litchfield CT,Litchfield,CT
05081,Little River AR,Little River,AR
48297,Live Oak TX,Live Oak,TX
17105,Livingston IL,Livingston,IL
21139,Livingston KY,Livingston,KY
26093,Livingston MI,Livingston,MI
29117,Livingston MO,Livingston,MO
36051,Livingston NY,Livingston,NY
22063,Livingston Parish LA,Livingston Parish,LA
48299,Llano TX,Llano,TX
05083,Logan AR,Logan,AR
08075,Logan CO,Logan,CO
17107,Logan IL,Logan,IL
20109,Logan KS,Logan,KS
21141,Logan KY,Logan,KY
38047,Logan ND,Logan,ND
31113,Logan NE,Logan,NE
39091,Logan OH,Logan,OH
40083,Logan OK,Logan,OK
54045,Logan WV,Logan,WV
13183,Long GA,Long,GA
05085,Lonoke AR,Lonoke,AR
39093,Lorain OH,Lorain,OH
35028,Los Alamos NM,Los Alamos,NM
06037,Los Angeles CA,Los Angeles,CA
47105,Loudon TN,Loudon,TN
51107,Loudoun VA,Loudoun,VA
19115,Louisa IA,Louisa,IA
51109,Louisa VA,Louisa,VA
31115,Loup NE,Loup,NE
40085,Love OK,Love,OK
48301,Loving TX,Loving,TX
01085,Lowndes AL,Lowndes,AL
13185,Lowndes GA,Lowndes,GA
28087,Lowndes MS,Lowndes,MS
72087,Loíza Municipio PR,Loíza Municipio,PR
48303,Lubbock TX,Lubbock,TX
19117,Lucas IA,Lucas,IA
39095,Lucas OH,Lucas,OH
26095,Luce MI,Luce,MI
13187,Lumpkin GA,Lumpkin,GA
35029,Luna NM,Luna,NM
51111,Lunenburg VA,Lunenburg,VA
72089,Luquillo Municipio PR,Luquillo Municipio,PR
42079,Luzerne PA,Luzerne,PA
42081,Lycoming PA,Lycoming,PA
46085,Lyman SD,Lyman,SD
51680,Lynchburg city VA,Lynchburg city,VA
48305,Lynn TX,Lynn,TX
19119,Lyon IA,Lyon,IA
20111,Lyon KS,Lyon,KS
21143,Lyon KY,Lyon,KY
27083,Lyon MN,Lyon,MN
32019,Lyon NV,Lyon,NV
26097,Mackinac MI,Mackinac,MI
26099,Macomb MI,Macomb,MI
01087,Macon AL,Macon,AL
13193,Macon GA,Macon,GA
17115,Macon IL,Macon,IL
29121,Macon MO,Macon,MO
37113,Macon NC,Macon,NC
47111,Macon TN,Macon,TN
17117,Macoupin IL,Macoupin,IL
06039,Madera CA,Madera,CA
01089,Madison AL,Madison,AL
05087,Madison AR,Madison,AR
12079,Madison FL,Madison,FL
13195,Madison GA,Madison,GA
19121,Madison IA,Madison,IA
16065,Madison ID,Madison,ID
17119,Madison IL,Madison,IL
18095,Madison IN,Madison,IN
21151,Madison KY,Madison,KY
29123,Madison MO,Madison,MO
28089,Madison MS,Madison,MS
30057,Madison MT,Madison,MT
37115,Madison NC,Madison,NC
31119,Madison NE,Madison,NE
36053,Madison NY,Madison,NY
39097,Madison OH,Madison,OH
22065,Madison Parish LA,Madison Parish,LA
47113,Madison TN,Madison,TN
48313,Madison TX,Madison,TX
51113,Madison VA,Madison,VA
21153,Magoffin KY,Magoffin,KY
19123,Mahaska IA,Mahaska,IA
27087,Mahnomen MN,Mahnomen,MN
39099,Mahoning OH,Mahoning,OH
40093,Major OK,Major,OK
41045,Malheur OR,Malheur,OR
51685,Manassas Park city VA,Manassas Park city,VA
51683,Manassas city VA,Manassas city,VA
12081,Manatee FL,Manatee,FL
72091,Manatí Municipio PR,Manatí Municipio,PR
26101,Manistee MI,Manistee,MI
55071,Manitowoc WI,Manitowoc,WI
55073,Marathon WI,Marathon,WI
01091,Marengo AL,Marengo,AL
72093,Maricao Municipio PR,Maricao Municipio,PR
04013,Maricopa AZ,Maricopa,AZ
29125,Maries MO,Maries,MO
06041,Marin CA,Marin,CA
55075,Marinette WI,Marinette,WI
01093,Marion AL,Marion,AL
05089,Marion AR,Marion,AR
12083,Marion FL,Marion,FL
13197,Marion GA,Marion,GA
19125,Marion IA,Marion,IA
17121,Marion IL,Marion,IL
18097,Marion IN,Marion,IN
20115,Marion KS,Marion,KS
21155,Marion KY,Marion,KY
29127,Marion MO,Marion,MO
28091,Marion MS,Marion,MS
39101,Marion OH,Marion,OH
41047,Marion OR,Marion,OR
45067,Marion SC,Marion,SC
47115,Marion TN,Marion,TN
48315,Marion TX,Marion,TX
54049,Marion WV,Marion,WV
06043,Mariposa CA,Mariposa,CA
45069,Marlboro SC,Marlboro,SC
26103,Marquette MI,Marquette,MI
55077,Marquette WI,Marquette,WI
01095,Marshall AL,Marshall,AL
19127,Marshall IA,Marshall,IA
17123,Marshall IL,Marshall,IL
18099,Marshall IN,Marshall,IN
20117,Marshall KS,Marshall,KS
21157,Marshall KY,Marshall,KY
27089,Marshall MN,Marshall,MN
28093,Marshall MS,Marshall,MS
40095,Marshall OK,Marshall,OK
46091,Marshall SD,Marshall,SD
47117,Marshall TN,Marshall,TN
54051,Marshall WV,Marshall,WV
12085,Martin FL,Martin,FL
18101,Martin IN,Martin,IN
21159,Martin KY,Martin,KY
27091,Martin MN,Martin,MN
37117,Martin NC,Martin,NC
48317,Martin TX,Martin,TX
17125,Mason IL,Mason,IL
21161,Mason KY,Mason,KY
26105,Mason MI,Mason,MI
48319,Mason TX,Mason,TX
53045,Mason WA,Mason,WA
54053,Mason WV,Mason,WV
17127,Massac IL,Massac,IL
48321,Matagorda TX,Matagorda,TX
02170,Matanuska-Susitna Borough AK,Matanuska-Susitna Borough,AK
51115,Mathews VA,Mathews,VA
15009,Maui HI,Maui,HI
72095,Maunabo Municipio PR,Maunabo Municipio,PR
47119,Maury TN,Maury,TN
48323,Maverick TX,Maverick,TX
72097,Mayagüez Municipio PR,Mayagüez Municipio,PR
40097,Mayes OK,Mayes,OK
42083,Mc Kean PA,Mc Kean,PA
40087,McClain OK,McClain,OK
30055,McCone MT,McCone,MT
46087,McCook SD,McCook,SD
45065,McCormick SC,McCormick,SC
21145,McCracken KY,McCracken,KY
21147,McCreary KY,McCreary,KY
48307,McCulloch TX,McCulloch,TX
40089,McCurtain OK,McCurtain,OK
29119,McDonald MO,McDonald,MO
17109,McDonough IL,McDonough,IL
37111,McDowell NC,McDowell,NC
54047,McDowell WV,McDowell,WV
13189,McDuffie GA,McDuffie,GA
17111,McHenry IL,McHenry,IL
38049,McHenry ND,McHenry,ND
13191,McIntosh GA,McIntosh,GA
38051,McIntosh ND,McIntosh,ND
40091,McIntosh OK,McIntosh,OK
38053,McKenzie ND,McKenzie,ND
35031,McKinley NM,McKinley,NM
17113,McLean IL,McLean,IL
21149,McLean KY,McLean,KY
38055,McLean ND,McLean,ND
48309,McLennan TX,McLennan,TX
27085,McLeod MN,McLeod,MN
47107,McMinn TN,McMinn,TN
48311,McMullen TX,McMullen,TX
47109,McNairy TN,McNairy,TN
20113,McPherson KS,McPherson,KS
31117,McPherson NE,McPherson,NE
46089,McPherson SD,McPherson,SD
20119,Meade KS,Meade,KS
21163,Meade KY,Meade,KY
46093,Meade SD,Meade,SD
30059,Meagher MT,Meagher,MT
37119,Mecklenburg NC,Mecklenburg,NC
51117,Mecklenburg VA,Mecklenburg,VA
26107,Mecosta MI,Mecosta,MI
39103,Medina OH,Medina,OH
48325,Medina TX,Medina,TX
27093,Meeker MN,Meeker,MN
39105,Meigs OH,Meigs,OH
47121,Meigs TN,Meigs,TN
46095,Mellette SD,Mellette,SD
17129,Menard IL,Menard,IL
48327,Menard TX,Menard,TX
06045,Mendocino CA,Mendocino,CA
21165,Menifee KY,Menifee,KY
26109,Menominee MI,Menominee,MI
55078,Menominee WI,Menominee,WI
06047,Merced CA,Merced,CA
17131,Mercer IL,Mercer,IL
21167,Mercer KY,Mercer,KY
29129,Mercer MO,Mercer,MO
38057,Mercer ND,Mercer,ND
34021,Mercer NJ,Mercer,NJ
39107,Mercer OH,Mercer,OH
42085,Mercer PA,Mercer,PA
54055,Mercer WV,Mercer,WV
13199,Meriwether GA,Meriwether,GA
31121,Merrick NE,Merrick,NE
33013,Merrimack NH,Merrimack,NH
08077,Mesa CO,Mesa,CO
21169,Metcalfe KY,Metcalfe,KY
18103,Miami IN,Miami,IN
20121,Miami KS,Miami,KS
39109,Miami OH,Miami,OH
12086,Miami-Dade FL,Miami-Dade,FL
09007,Middlesex CT,Middlesex,CT
25017,Middlesex MA,Middlesex,MA
34023,Middlesex NJ,Middlesex,NJ
51119,Middlesex VA,Middlesex,VA
26111,Midland MI,Midland,MI
48329,Midland TX,Midland,TX
42087,Mifflin PA,Mifflin,PA
48331,Milam TX,Milam,TX
49027,Millard UT,Millard,UT
27095,Mille Lacs MN,Mille Lacs,MN
05091,Miller AR,Miller,AR
13201,Miller GA,Miller,GA
29131,Miller MO,Miller,MO
19129,Mills IA,Mills,IA
48333,Mills TX,Mills,TX
55079,Milwaukee WI,Milwaukee,WI
46097,Miner SD,Miner,SD
08079,Mineral CO,Mineral,CO
30061,Mineral MT,Mineral,MT
32021,Mineral NV,Mineral,NV
54057,Mineral WV,Mineral,WV
54059,Mingo WV,Mingo,WV
16067,Minidoka ID,Minidoka,ID
46099,Minnehaha SD,Minnehaha,SD
26113,Missaukee MI,Missaukee,MI
05093,Mississippi AR,Mississippi,AR
29133,Mississippi MO,Mississippi,MO
30063,Missoula MT,Missoula,MT
13205,Mitchell GA,Mitchell,GA
19131,Mitchell IA,Mitchell,IA
20123,Mitchell KS,Mitchell,KS
37121,Mitchell NC,Mitchell,NC
48335,Mitchell TX,Mitchell,TX
01097,Mobile AL,Mobile,AL
72099,Moca Municipio PR,Moca Municipio,PR
06049,Modoc CA,Modoc,CA
08081,Moffat CO,Moffat,CO
04015,Mohave AZ,Mohave,AZ
29135,Moniteau MO,Moniteau,MO
34025,Monmouth NJ,Monmouth,NJ
06051,Mono CA,Mono,CA
19133,Monona IA,Monona,IA
54061,Monongalia WV,Monongalia,WV
01099,Monroe AL,Monroe,AL
05095,Monroe AR,Monroe,AR
12087,Monroe FL,Monroe,FL
13207,Monroe GA,Monroe,GA
19135,Monroe IA,Monroe,IA
17133,Monroe IL,Monroe,IL
18105,Monroe IN,Monroe,IN
21171,Monroe KY,Monroe,KY
26115,Monroe MI,Monroe,MI
29137,Monroe MO,Monroe,MO
28095,Monroe MS,Monroe,MS
36055,Monroe NY,Monroe,NY
39111,Monroe OH,Monroe,OH
42089,Monroe PA,Monroe,PA
47123,Monroe TN,Monroe,TN
55081,Monroe WI,Monroe,WI
54063,Monroe WV,Monroe,WV
48337,Montague TX,Montague,TX
26117,Montcalm MI,Montcalm,MI
06053,Monterey CA,Monterey,CA
08083,Montezuma CO,Montezuma,CO
01101,Montgomery AL,Montgomery,AL
05097,Montgomery AR,Montgomery,AR
13209,Montgomery GA,Montgomery,GA
19137,Montgomery IA,Montgomery,IA
17135,Montgomery IL,Montgomery,IL
18107,Montgomery IN,Montgomery,IN
20125,Montgomery KS,Montgomery,KS
21173,Montgomery KY,Montgomery,KY
24031,Montgomery MD,Montgomery,MD
29139,Montgomery MO,Montgomery,MO
28097,Montgomery MS,Montgomery,MS
37123,Montgomery NC,Montgomery,NC
36057,Montgomery NY,Montgomery,NY
39113,Montgomery OH,Montgomery,OH
42091,Montgomery PA,Montgomery,PA
47125,Montgomery TN,Montgomery,TN
48339,Montgomery TX,Montgomery,TX
51121,Montgomery VA,Montgomery,VA
26119,Montmorency MI,Montmorency,MI
42093,Montour PA,Montour,PA
08085,Montrose CO,Montrose,CO
46101,Moody SD,Moody,SD
37125,Moore NC,Moore,NC
47127,Moore TN,Moore,TN
48341,Moore TX,Moore,TX
35033,Mora NM,Mora,NM
22067,Morehouse Parish LA,Morehouse Parish,LA
01103,Morgan AL,Morgan,AL
08087,Morgan CO,Morgan,CO
13211,Morgan GA,Morgan,GA
17137,Morgan IL,Morgan,IL
18109,Morgan IN,Morgan,IN
21175,Morgan KY,Morgan,KY
29141,Morgan MO,Morgan,MO
39115,Morgan OH,Morgan,OH
47129,Morgan TN,Morgan,TN
49029,Morgan UT,Morgan,UT
54065,Morgan WV,Morgan,WV
72101,Morovis Municipio PR,Morovis Municipio,PR
31123,Morrill NE,Morrill,NE
20127,Morris KS,Morris,KS
34027,Morris NJ,Morris,NJ
48343,Morris TX,Morris,TX
27097,Morrison MN,Morrison,MN
39117,Morrow OH,Morrow,OH
41049,Morrow OR,Morrow,OR
20129,Morton KS,Morton,KS
38059,Morton ND,Morton,ND
48345,Motley TX,Motley,TX
17139,Moultrie IL,Moultrie,IL
38061,Mountrail ND,Mountrail,ND
27099,Mower MN,Mower,MN
21177,Muhlenberg KY,Muhlenberg,KY
41051,Multnomah OR,Multnomah,OR
13213,Murray GA,Murray,GA
27101,Murray MN,Murray,MN
40099,Murray OK,Murray,OK
19139,Muscatine IA,Muscatine,IA
13215,Muscogee GA,Muscogee,GA
26121,Muskegon MI,Muskegon,MI
39119,Muskingum OH,Muskingum,OH
40101,Muskogee OK,Muskogee,OK
30065,Musselshell MT,Musselshell,MT
48347,Nacogdoches TX,Nacogdoches,TX
72103,Naguabo Municipio PR,Naguabo Municipio,PR
31125,Nance NE,Nance,NE
25019,Nantucket MA,Nantucket,MA
06055,Napa CA,Napa,CA
72105,Naranjito Municipio PR,Naranjito Municipio,PR
37127,Nash NC,Nash,NC
12089,Nassau FL,Nassau,FL
36059,Nassau NY,Nassau,NY
22069,Natchitoches Parish LA,Natchitoches Parish,LA
56025,Natrona WY,Natrona,WY
04017,Navajo AZ,Navajo,AZ
48349,Navarro TX,Navarro,TX
21179,Nelson KY,Nelson,KY
38063,Nelson ND,Nelson,ND
51125,Nelson VA,Nelson,VA
20131,Nemaha KS,Nemaha,KS
31127,Nemaha NE,Nemaha,NE
20133,Neosho KS,Neosho,KS
28099,Neshoba MS,Neshoba,MS
20135,Ness KS,Ness,KS
05099,Nevada AR,Nevada,AR
06057,Nevada CA,Nevada,CA
10003,New Castle DE,New Castle,DE
37129,New Hanover NC,New Hanover,NC
09009,New Haven CT,New Haven,CT
51127,New Kent VA,New Kent,VA
09011,New London CT,New London,CT
29143,New Madrid MO,New Madrid,MO
36061,New York NY,New York,NY
26123,Newaygo MI,Newaygo,MI
45071,Newberry SC,Newberry,SC
51700,Newport News city VA,Newport News city,VA
44005,Newport RI,Newport,RI
05101,Newton AR,Newton,AR
13217,Newton GA,Newton,GA
18111,Newton IN,Newton,IN
29145,Newton MO,Newton,MO
28101,Newton MS,Newton,MS
48351,Newton TX,Newton,TX
16069,Nez Perce ID,Nez Perce,ID
36063,Niagara NY,Niagara,NY
21181,Nicholas KY,Nicholas,KY
54067,Nicholas WV,Nicholas,WV
27103,Nicollet MN,Nicollet,MN
56027,Niobrara WY,Niobrara,WY
18113,Noble IN,Noble,IN
39121,Noble OH,Noble,OH
40103,Noble OK,Noble,OK
27105,Nobles MN,Nobles,MN
29147,Nodaway MO,Nodaway,MO
48353,Nolan TX,Nolan,TX
02180,Nome Census Area AK,Nome Census Area,AK
25021,Norfolk MA,Norfolk,MA
51710,Norfolk city VA,Norfolk city,VA
27107,Norman MN,Norman,MN
02185,North Slope Borough AK,North Slope Borough,AK
37131,Northampton NC,Northampton,NC
42095,Northampton PA,Northampton,PA
51131,Northampton VA,Northampton,VA
42097,Northumberland PA,Northumberland,PA
51133,Northumberland VA,Northumberland,VA
02188,Northwest Arctic Borough AK,Northwest Arctic Borough,AK
20137,Norton KS,Norton,KS
51720,Norton city VA,Norton city,VA
51135,Nottoway VA,Nottoway,VA
40105,Nowata OK,Nowata,OK
28103,Noxubee MS,Noxubee,MS
31129,Nuckolls NE,Nuckolls,NE
48355,Nueces TX,Nueces,TX
32023,Nye NV,Nye,NV
19141,OBrien IA,OBrien,IA
26125,Oakland MI,Oakland,MI
47131,Obion TN,Obion,TN
34029,Ocean NJ,Ocean,NJ
26127,Oceana MI,Oceana,MI
48357,Ochiltree TX,Ochiltree,TX
13219,Oconee GA,Oconee,GA
45073,Oconee SC,Oconee,SC
55083,Oconto WI,Oconto,WI
26129,Ogemaw MI,Ogemaw,MI
46102,"Oglala Lakota, SD (N)","Oglala Lakota, SD (",N)
17141,Ogle IL,Ogle,IL
13221,Oglethorpe GA,Oglethorpe,GA
18115,Ohio IN,Ohio,IN
21183,Ohio KY,Ohio,KY
54069,Ohio WV,Ohio,WV
12091,Okaloosa FL,Okaloosa,FL
53047,Okanogan WA,Okanogan,WA
12093,Okeechobee FL,Okeechobee,FL
40107,Okfuskee OK,Okfuskee,OK
40109,Oklahoma OK,Oklahoma,OK
40111,Okmulgee OK,Okmulgee,OK
28105,Oktibbeha MS,Oktibbeha,MS
21185,Oldham KY,Oldham,KY
48359,Oldham TX,Oldham,TX
38065,Oliver ND,Oliver,ND
27109,Olmsted MN,Olmsted,MN
16071,Oneida ID,Oneida,ID
36065,Oneida NY,Oneida,NY
55085,Oneida WI,Oneida,WI
36067,Onondaga NY,Onondaga,NY
37133,Onslow NC,Onslow,NC
36069,Ontario NY,Ontario,NY
26131,Ontonagon MI,Ontonagon,MI
06059,Orange CA,Orange,CA
12095,Orange FL,Orange,FL
18117,Orange IN,Orange,IN
37135,Orange NC,Orange,NC
36071,Orange NY,Orange,NY
48361,Orange TX,Orange,TX
51137,Orange VA,Orange,VA
50017,Orange VT,Orange,VT
45075,Orangeburg SC,Orangeburg,SC
29149,Oregon MO,Oregon,MO
36073,Orleans NY,Orleans,NY
22071,Orleans Parish LA,Orleans Parish,LA
50019,Orleans VT,Orleans,VT
72107,Orocovis Municipio PR,Orocovis Municipio,PR
20139,Osage KS,Osage,KS
29151,Osage MO,Osage,MO
40113,Osage OK,Osage,OK
20141,Osborne KS,Osborne,KS
12097,Osceola FL,Osceola,FL
19143,Osceola IA,Osceola,IA
26133,Osceola MI,Osceola,MI
26135,Oscoda MI,Oscoda,MI
36075,Oswego NY,Oswego,NY
08089,Otero CO,Otero,CO
35035,Otero NM,Otero,NM
31131,Otoe NE,Otoe,NE
26137,Otsego MI,Otsego,MI
36077,Otsego NY,Otsego,NY
20143,Ottawa KS,Ottawa,KS
26139,Ottawa MI,Ottawa,MI
39123,Ottawa OH,Ottawa,OH
40115,Ottawa OK,Ottawa,OK
27111,Otter Tail MN,Otter Tail,MN
05103,Ouachita AR,Ouachita,AR
22073,Ouachita Parish LA,Ouachita Parish,LA
08091,Ouray CO,Ouray,CO
55087,Outagamie WI,Outagamie,WI
47133,Overton TN,Overton,TN
18119,Owen IN,Owen,IN
21187,Owen KY,Owen,KY
21189,Owsley KY,Owsley,KY
16073,Owyhee ID,Owyhee,ID
23017,Oxford ME,Oxford,ME
29153,Ozark MO,Ozark,MO
55089,Ozaukee WI,Ozaukee,WI
53049,Pacific WA,Pacific,WA
19145,Page IA,Page,IA
51139,Page VA,Page,VA
12099,Palm Beach FL,Palm Beach,FL
19147,Palo Alto IA,Palo Alto,IA
48363,Palo Pinto TX,Palo Pinto,TX
37137,Pamlico NC,Pamlico,NC
28107,Panola MS,Panola,MS
48365,Panola TX,Panola,TX
08093,Park CO,Park,CO
30067,Park MT,Park,MT
56029,Park WY,Park,WY
18121,Parke IN,Parke,IN
48367,Parker TX,Parker,TX
48369,Parmer TX,Parmer,TX
12101,Pasco FL,Pasco,FL
37139,Pasquotank NC,Pasquotank,NC
34031,Passaic NJ,Passaic,NJ
72109,Patillas Municipio PR,Patillas Municipio,PR
51141,Patrick VA,Patrick,VA
13223,Paulding GA,Paulding,GA
39125,Paulding OH,Paulding,OH
20145,Pawnee KS,Pawnee,KS
31133,Pawnee NE,Pawnee,NE
40117,Pawnee OK,Pawnee,OK
16075,Payette ID,Payette,ID
40119,Payne OK,Payne,OK
13225,Peach GA,Peach,GA
28109,Pearl River MS,Pearl River,MS
48371,Pecos TX,Pecos,TX
38067,Pembina ND,Pembina,ND
29155,Pemiscot MO,Pemiscot,MO
53051,Pend Oreille WA,Pend Oreille,WA
37141,Pender NC,Pender,NC
21191,Pendleton KY,Pendleton,KY
54071,Pendleton WV,Pendleton,WV
27113,Pennington MN,Pennington,MN
46103,Pennington SD,Pennington,SD
23019,Penobscot ME,Penobscot,ME
17143,Peoria IL,Peoria,IL
55091,Pepin WI,Pepin,WI
31135,Perkins NE,Perkins,NE
46105,Perkins SD,Perkins,SD
37143,Perquimans NC,Perquimans,NC
01105,Perry AL,Perry,AL
05105,Perry AR,Perry,AR
17145,Perry IL,Perry,IL
18123,Perry IN,Perry,IN
21193,Perry KY,Perry,KY
29157,Perry MO,Perry,MO
28111,Perry MS,Perry,MS
39127,Perry OH,Perry,OH
42099,Perry PA,Perry,PA
47135,Perry TN,Perry,TN
32027,Pershing NV,Pershing,NV
37145,Person NC,Person,NC
02195,Petersburg Census Area AK,Petersburg Census Area,AK
51730,Petersburg city VA,Petersburg city,VA
30069,Petroleum MT,Petroleum,MT
29159,Pettis MO,Pettis,MO
72111,Peñuelas Municipio PR,Peñuelas Municipio,PR
29161,Phelps MO,Phelps,MO
31137,Phelps NE,Phelps,NE
42101,Philadelphia PA,Philadelphia,PA
05107,Phillips AR,Phillips,AR
08095,Phillips CO,Phillips,CO
20147,Phillips KS,Phillips,KS
30071,Phillips MT,Phillips,MT
17147,Piatt IL,Piatt,IL
39129,Pickaway OH,Pickaway,OH
01107,Pickens AL,Pickens,AL
13227,Pickens GA,Pickens,GA
45077,Pickens SC,Pickens,SC
47137,Pickett TN,Pickett,TN
13229,Pierce GA,Pierce,GA
38069,Pierce ND,Pierce,ND
31139,Pierce NE,Pierce,NE
53053,Pierce WA,Pierce,WA
55093,Pierce WI,Pierce,WI
01109,Pike AL,Pike,AL
05109,Pike AR,Pike,AR
13231,Pike GA,Pike,GA
17149,Pike IL,Pike,IL
18125,Pike IN,Pike,IN
21195,Pike KY,Pike,KY
29163,Pike MO,Pike,MO
28113,Pike MS,Pike,MS
39131,Pike OH,Pike,OH
42103,Pike PA,Pike,PA
04019,Pima AZ,Pima,AZ
04021,Pinal AZ,Pinal,AZ
27115,Pine MN,Pine,MN
12103,Pinellas FL,Pinellas,FL
27117,Pipestone MN,Pipestone,MN
23021,Piscataquis ME,Piscataquis,ME
08097,Pitkin CO,Pitkin,CO
37147,Pitt NC,Pitt,NC
40121,Pittsburg OK,Pittsburg,OK
51143,Pittsylvania VA,Pittsylvania,VA
49031,Piute UT,Piute,UT
06061,Placer CA,Placer,CA
22075,Plaquemines Parish LA,Plaquemines Parish,LA
29165,Platte MO,Platte,MO
31141,Platte NE,Platte,NE
56031,Platte WY,Platte,WY
54073,Pleasants WV,Pleasants,WV
06063,Plumas CA,Plumas,CA
19149,Plymouth IA,Plymouth,IA
25023,Plymouth MA,Plymouth,MA
19151,Pocahontas IA,Pocahontas,IA
54075,Pocahontas WV,Pocahontas,WV
05111,Poinsett AR,Poinsett,AR
22077,Pointe Coupee Parish LA,Pointe Coupee Parish,LA
05113,Polk AR,Polk,AR
12105,Polk FL,Polk,FL
13233,Polk GA,Polk,GA
19153,Polk IA,Polk,IA
27119,Polk MN,Polk,MN
29167,Polk MO,Polk,MO
37149,Polk NC,Polk,NC
31143,Polk NE,Polk,NE
41053,Polk OR,Polk,OR
47139,Polk TN,Polk,TN
48373,Polk TX,Polk,TX
55095,Polk WI,Polk,WI
72113,Ponce Municipio PR,Ponce Municipio,PR
30073,Pondera MT,Pondera,MT
28115,Pontotoc MS,Pontotoc,MS
40123,Pontotoc OK,Pontotoc,OK
05115,Pope AR,Pope,AR
17151,Pope IL,Pope,IL
27121,Pope MN,Pope,MN
51735,Poquoson city VA,Poquoson city,VA
39133,Portage OH,Portage,OH
55097,Portage WI,Portage,WI
18127,Porter IN,Porter,IN
51740,Portsmouth city VA,Portsmouth city,VA
18129,Posey IN,Posey,IN
20149,Pottawatomie KS,Pottawatomie,KS
40125,Pottawatomie OK,Pottawatomie,OK
19155,Pottawattamie IA,Pottawattamie,IA
42105,Potter PA,Potter,PA
46107,Potter SD,Potter,SD
48375,Potter TX,Potter,TX
30075,Powder River MT,Powder River,MT
21197,Powell KY,Powell,KY
30077,Powell MT,Powell,MT
16077,Power ID,Power,ID
19157,Poweshiek IA,Poweshiek,IA
51145,Powhatan VA,Powhatan,VA
05117,Prairie AR,Prairie,AR
30079,Prairie MT,Prairie,MT
20151,Pratt KS,Pratt,KS
39135,Preble OH,Preble,OH
28117,Prentiss MS,Prentiss,MS
48377,Presidio TX,Presidio,TX
26141,Presque Isle MI,Presque Isle,MI
54077,Preston WV,Preston,WV
55099,Price WI,Price,WI
51147,Prince Edward VA,Prince Edward,VA
51149,Prince George VA,Prince George,VA
24033,Prince Georges MD,Prince Georges,MD
51153,Prince William VA,Prince William,VA
02198,Prince of Wales-Hyder Census Area AK,Prince of Wales-Hyder Census Area,AK
44007,Providence RI,Providence,RI
08099,Prowers CO,Prowers,CO
08101,Pueblo CO,Pueblo,CO
05119,Pulaski AR,Pulaski,AR
13235,Pulaski GA,Pulaski,GA
17153,Pulaski IL,Pulaski,IL
18131,Pulaski IN,Pulaski,IN
21199,Pulaski KY,Pulaski,KY
29169,Pulaski MO,Pulaski,MO
51155,Pulaski VA,Pulaski,VA
40127,Pushmataha OK,Pushmataha,OK
12107,Putnam FL,Putnam,FL
13237,Putnam GA,Putnam,GA
17155,Putnam IL,Putnam,IL
18133,Putnam IN,Putnam,IN
29171,Putnam MO,Putnam,MO
36079,Putnam NY,Putnam,NY
39137,Putnam OH,Putnam,OH
47141,Putnam TN,Putnam,TN
54079,Putnam WV,Putnam,WV
35037,Quay NM,Quay,NM
72115,Quebradillas Municipio PR,Quebradillas Municipio,PR
24035,Queen Annes MD,Queen Annes,MD
36081,Queens NY,Queens,NY
13239,Quitman GA,Quitman,GA
28119,Quitman MS,Quitman,MS
13241,Rabun GA,Rabun,GA
55101,Racine WI,Racine,WI
51750,Radford city VA,Radford city,VA
48379,Rains TX,Rains,TX
54081,Raleigh WV,Raleigh,WV
29173,Ralls MO,Ralls,MO
27123,Ramsey MN,Ramsey,MN
38071,Ramsey ND,Ramsey,ND
48381,Randall TX,Randall,TX
01111,Randolph AL,Randolph,AL
05121,Randolph AR,Randolph,AR
13243,Randolph GA,Randolph,GA
17157,Randolph IL,Randolph,IL
18135,Randolph IN,Randolph,IN
29175,Randolph MO,Randolph,MO
37151,Randolph NC,Randolph,NC
54083,Randolph WV,Randolph,WV
28121,Rankin MS,Rankin,MS
38073,Ransom ND,Ransom,ND
22079,Rapides Parish LA,Rapides Parish,LA
51157,Rappahannock VA,Rappahannock,VA
30081,Ravalli MT,Ravalli,MT
20153,Rawlins KS,Rawlins,KS
29177,Ray MO,Ray,MO
48383,Reagan TX,Reagan,TX
48385,Real TX,Real,TX
27125,Red Lake MN,Red Lake,MN
22081,Red River Parish LA,Red River Parish,LA
48387,Red River TX,Red River,TX
31145,Red Willow NE,Red Willow,NE
27127,Redwood MN,Redwood,MN
48389,Reeves TX,Reeves,TX
48391,Refugio TX,Refugio,TX
20155,Reno KS,Reno,KS
36083,Rensselaer NY,Rensselaer,NY
27129,Renville MN,Renville,MN
38075,Renville ND,Renville,ND
20157,Republic KS,Republic,KS
29179,Reynolds MO,Reynolds,MO
47143,Rhea TN,Rhea,TN
20159,Rice KS,Rice,KS
27131,Rice MN,Rice,MN
49033,Rich UT,Rich,UT
31147,Richardson NE,Richardson,NE
17159,Richland IL,Richland,IL
30083,Richland MT,Richland,MT
38077,Richland ND,Richland,ND
39139,Richland OH,Richland,OH
22083,Richland Parish LA,Richland Parish,LA
45079,Richland SC,Richland,SC
55103,Richland WI,Richland,WI
13245,Richmond GA,Richmond,GA
37153,Richmond NC,Richmond,NC
36085,Richmond NY,Richmond,NY
51159,Richmond VA,Richmond,VA
51760,Richmond city VA,Richmond city,VA
20161,Riley KS,Riley,KS
72117,Rincón Municipio PR,Rincón Municipio,PR
19159,Ringgold IA,Ringgold,IA
35039,Rio Arriba NM,Rio Arriba,NM
08103,Rio Blanco CO,Rio Blanco,CO
08105,Rio Grande CO,Rio Grande,CO
18137,Ripley IN,Ripley,IN
29181,Ripley MO,Ripley,MO
54085,Ritchie WV,Ritchie,WV
06065,Riverside CA,Riverside,CA
47145,Roane TN,Roane,TN
54087,Roane WV,Roane,WV
51161,Roanoke VA,Roanoke,VA
51770,Roanoke city VA,Roanoke city,VA
46109,Roberts SD,Roberts,SD
48393,Roberts TX,Roberts,TX
21201,Robertson KY,Robertson,KY
47147,Robertson TN,Robertson,TN
48395,Robertson TX,Robertson,TX
37155,Robeson NC,Robeson,NC
17161,Rock Island IL,Rock Island,IL
27133,Rock MN,Rock,MN
31149,Rock NE,Rock,NE
55105,Rock WI,Rock,WI
51163,Rockbridge VA,Rockbridge,VA
21203,Rockcastle KY,Rockcastle,KY
13247,Rockdale GA,Rockdale,GA
37157,Rockingham NC,Rockingham,NC
33015,Rockingham NH,Rockingham,NH
51165,Rockingham VA,Rockingham,VA
36087,Rockland NY,Rockland,NY
48397,Rockwall TX,Rockwall,TX
40129,Roger Mills OK,Roger Mills,OK
40131,Rogers OK,Rogers,OK
38079,Rolette ND,Rolette,ND
20163,Rooks KS,Rooks,KS
30085,Roosevelt MT,Roosevelt,MT
35041,Roosevelt NM,Roosevelt,NM
26143,Roscommon MI,Roscommon,MI
27135,Roseau MN,Roseau,MN
30087,Rosebud MT,Rosebud,MT
39141,Ross OH,Ross,OH
69100,Rota MP,Rota,MP
08107,Routt CO,Routt,CO
21205,Rowan KY,Rowan,KY
37159,Rowan NC,Rowan,NC
48399,Runnels TX,Runnels,TX
18139,Rush IN,Rush,IN
20165,Rush KS,Rush,KS
48401,Rusk TX,Rusk,TX
55107,Rusk WI,Rusk,WI
01113,Russell AL,Russell,AL
20167,Russell KS,Russell,KS
21207,Russell KY,Russell,KY
51167,Russell VA,Russell,VA
37161,Rutherford NC,Rutherford,NC
47149,Rutherford TN,Rutherford,TN
50021,Rutland VT,Rutland,VT
72119,Río Grande Municipio PR,Río Grande Municipio,PR
72121,Sabana Grande Municipio PR,Sabana Grande Municipio,PR
22085,Sabine Parish LA,Sabine Parish,LA
48403,Sabine TX,Sabine,TX
19161,Sac IA,Sac,IA
06067,Sacramento CA,Sacramento,CA
23023,Sagadahoc ME,Sagadahoc,ME
26145,Saginaw MI,Saginaw,MI
08109,Saguache CO,Saguache,CO
69110,Saipan MP,Saipan,MP
34033,Salem NJ,Salem,NJ
51775,Salem city VA,Salem city,VA
72123,Salinas Municipio PR,Salinas Municipio,PR
05125,Saline AR,Saline,AR
17165,Saline IL,Saline,IL
20169,Saline KS,Saline,KS
29195,Saline MO,Saline,MO
31151,Saline NE,Saline,NE
49035,Salt Lake UT,Salt Lake,UT
45081,Saluda SC,Saluda,SC
37163,Sampson NC,Sampson,NC
48405,San Augustine TX,San Augustine,TX
06069,San Benito CA,San Benito,CA
06071,San Bernardino CA,San Bernardino,CA
06073,San Diego CA,San Diego,CA
06075,San Francisco CA,San Francisco,CA
72125,San Germán Municipio PR,San Germán Municipio,PR
48407,San Jacinto TX,San Jacinto,TX
06077,San Joaquin CA,San Joaquin,CA
08111,San Juan CO,San Juan,CO
72127,San Juan Municipio PR,San Juan Municipio,PR
35045,San Juan NM,San Juan,NM
49037,San Juan UT,San Juan,UT
53055,San Juan WA,San Juan,WA
72129,San Lorenzo Municipio PR,San Lorenzo Municipio,PR
06079,San Luis Obispo CA,San Luis Obispo,CA
06081,San Mateo CA,San Mateo,CA
08113,San Miguel CO,San Miguel,CO
35047,San Miguel NM,San Miguel,NM
48409,San Patricio TX,San Patricio,TX
48411,San Saba TX,San Saba,TX
72131,San Sebastián Municipio PR,San Sebastián Municipio,PR
46111,Sanborn SD,Sanborn,SD
30089,Sanders MT,Sanders,MT
35043,Sandoval NM,Sandoval,NM
39143,Sandusky OH,Sandusky,OH
17167,Sangamon IL,Sangamon,IL
26151,Sanilac MI,Sanilac,MI
49039,Sanpete UT,Sanpete,UT
06083,Santa Barbara CA,Santa Barbara,CA
06085,Santa Clara CA,Santa Clara,CA
04023,Santa Cruz AZ,Santa Cruz,AZ
06087,Santa Cruz CA,Santa Cruz,CA
35049,Santa Fe NM,Santa Fe,NM
72133,Santa Isabel Municipio PR,Santa Isabel Municipio,PR
12113,Santa Rosa FL,Santa Rosa,FL
12115,Sarasota FL,Sarasota,FL
36091,Saratoga NY,Saratoga,NY
38081,Sargent ND,Sargent,ND
31153,Sarpy NE,Sarpy,NE
55111,Sauk WI,Sauk,WI
31155,Saunders NE,Saunders,NE
55113,Sawyer WI,Sawyer,WI
36093,Schenectady NY,Schenectady,NY
48413,Schleicher TX,Schleicher,TX
13249,Schley GA,Schley,GA
36095,Schoharie NY,Schoharie,NY
26153,Schoolcraft MI,Schoolcraft,MI
17169,Schuyler IL,Schuyler,IL
29197,Schuyler MO,Schuyler,MO
36097,Schuyler NY,Schuyler,NY
42107,Schuylkill PA,Schuylkill,PA
39145,Scioto OH,Scioto,OH
29199,Scotland MO,Scotland,MO
37165,Scotland NC,Scotland,NC
05127,Scott AR,Scott,AR
19163,Scott IA,Scott,IA
17171,Scott IL,Scott,IL
18143,Scott IN,Scott,IN
20171,Scott KS,Scott,KS
21209,Scott KY,Scott,KY
27139,Scott MN,Scott,MN
29201,Scott MO,Scott,MO
28123,Scott MS,Scott,MS
47151,Scott TN,Scott,TN
51169,Scott VA,Scott,VA
31157,Scotts Bluff NE,Scotts Bluff,NE
13251,Screven GA,Screven,GA
48415,Scurry TX,Scurry,TX
05129,Searcy AR,Searcy,AR
05131,Sebastian AR,Sebastian,AR
08115,Sedgwick CO,Sedgwick,CO
20173,Sedgwick KS,Sedgwick,KS
12117,Seminole FL,Seminole,FL
13253,Seminole GA,Seminole,GA
40133,Seminole OK,Seminole,OK
36099,Seneca NY,Seneca,NY
39147,Seneca OH,Seneca,OH
47153,Sequatchie TN,Sequatchie,TN
40135,Sequoyah OK,Sequoyah,OK
05133,Sevier AR,Sevier,AR
47155,Sevier TN,Sevier,TN
49041,Sevier UT,Sevier,UT
20175,Seward KS,Seward,KS
31159,Seward NE,Seward,NE
48417,Shackelford TX,Shackelford,TX
29203,Shannon MO,Shannon,MO
28125,Sharkey MS,Sharkey,MS
05135,Sharp AR,Sharp,AR
06089,Shasta CA,Shasta,CA
55115,Shawano WI,Shawano,WI
20177,Shawnee KS,Shawnee,KS
55117,Sheboygan WI,Sheboygan,WI
01117,Shelby AL,Shelby,AL
19165,Shelby IA,Shelby,IA
17173,Shelby IL,Shelby,IL
18145,Shelby IN,Shelby,IN
21211,Shelby KY,Shelby,KY
29205,Shelby MO,Shelby,MO
39149,Shelby OH,Shelby,OH
47157,Shelby TN,Shelby,TN
48419,Shelby TX,Shelby,TX
51171,Shenandoah VA,Shenandoah,VA
27141,Sherburne MN,Sherburne,MN
20179,Sheridan KS,Sheridan,KS
30091,Sheridan MT,Sheridan,MT
38083,Sheridan ND,Sheridan,ND
31161,Sheridan NE,Sheridan,NE
56033,Sheridan WY,Sheridan,WY
20181,Sherman KS,Sherman,KS
31163,Sherman NE,Sherman,NE
41055,Sherman OR,Sherman,OR
48421,Sherman TX,Sherman,TX
26155,Shiawassee MI,Shiawassee,MI
16079,Shoshone ID,Shoshone,ID
27143,Sibley MN,Sibley,MN
06091,Sierra CA,Sierra,CA
35051,Sierra NM,Sierra,NM
30093,Silver Bow MT,Silver Bow,MT
21213,Simpson KY,Simpson,KY
28127,Simpson MS,Simpson,MS
19167,Sioux IA,Sioux,IA
38085,Sioux ND,Sioux,ND
31165,Sioux NE,Sioux,NE
06093,Siskiyou CA,Siskiyou,CA
02220,Sitka Borough AK,Sitka Borough,AK
53057,Skagit WA,Skagit,WA
02230,Skagway Municipality AK,Skagway Municipality,AK
53059,Skamania WA,Skamania,WA
38087,Slope ND,Slope,ND
20183,Smith KS,Smith,KS
28129,Smith MS,Smith,MS
47159,Smith TN,Smith,TN
48423,Smith TX,Smith,TX
51173,Smyth VA,Smyth,VA
53061,Snohomish WA,Snohomish,WA
42109,Snyder PA,Snyder,PA
35053,Socorro NM,Socorro,NM
06095,Solano CA,Solano,CA
24039,Somerset MD,Somerset,MD
23025,Somerset ME,Somerset,ME
34035,Somerset NJ,Somerset,NJ
42111,Somerset PA,Somerset,PA
48425,Somervell TX,Somervell,TX
06097,Sonoma CA,Sonoma,CA
51175,Southampton VA,Southampton,VA
02240,Southeast Fairbanks Census Area AK,Southeast Fairbanks Census Area,AK
13255,Spalding GA,Spalding,GA
45083,Spartanburg SC,Spartanburg,SC
18147,Spencer IN,Spencer,IN
21215,Spencer KY,Spencer,KY
46115,Spink SD,Spink,SD
53063,Spokane WA,Spokane,WA
51177,Spotsylvania VA,Spotsylvania,VA
22087,St. Bernard Parish LA,St. Bernard Parish,LA
29183,St. Charles MO,St. Charles,MO
22089,St. Charles Parish LA,St. Charles Parish,LA
01115,St. Clair AL,St. Clair,AL
17163,St. Clair IL,St. Clair,IL
26147,St. Clair MI,St. Clair,MI
29185,St. Clair MO,St. Clair,MO
78010,St. Croix VI,St. Croix,VI
55109,St. Croix WI,St. Croix,WI
05123,St. Francis AR,St. Francis,AR
29187,St. Francois MO,St. Francois,MO
22091,St. Helena Parish LA,St. Helena Parish,LA
22093,St. James Parish LA,St. James Parish,LA
78020,St. John VI,St. John,VI
22095,St. John the Baptist Parish LA,St. John the Baptist Parish,LA
12109,St. Johns FL,St. Johns,FL
18141,St. Joseph IN,St. Joseph,IN
26149,St. Joseph MI,St. Joseph,MI
22097,St. Landry Parish LA,St. Landry Parish,LA
36089,St. Lawrence NY,St. Lawrence,NY
27137,St. Louis MN,St. Louis,MN
29189,St. Louis MO,St. Louis,MO
29510,St. Louis city MO,St. Louis city,MO
12111,St. Lucie FL,St. Lucie,FL
22099,St. Martin Parish LA,St. Martin Parish,LA
22101,St. Mary Parish LA,St. Mary Parish,LA
24037,St. Marys MD,St. Marys,MD
22103,St. Tammany Parish LA,St. Tammany Parish,LA
78030,St. Thomas VI,St. Thomas,VI
20185,Stafford KS,Stafford,KS
51179,Stafford VA,Stafford,VA
06099,Stanislaus CA,Stanislaus,CA
46117,Stanley SD,Stanley,SD
37167,Stanly NC,Stanly,NC
20187,Stanton KS,Stanton,KS
31167,Stanton NE,Stanton,NE
17175,Stark IL,Stark,IL
38089,Stark ND,Stark,ND
39151,Stark OH,Stark,OH
18149,Starke IN,Starke,IN
48427,Starr TX,Starr,TX
51790,Staunton city VA,Staunton city,VA
29186,Ste. Genevieve MO,Ste. Genevieve,MO
27145,Stearns MN,Stearns,MN
27147,Steele MN,Steele,MN
38091,Steele ND,Steele,ND
13257,Stephens GA,Stephens,GA
40137,Stephens OK,Stephens,OK
48429,Stephens TX,Stephens,TX
17177,Stephenson IL,Stephenson,IL
48431,Sterling TX,Sterling,TX
18151,Steuben IN,Steuben,IN
36101,Steuben NY,Steuben,NY
20189,Stevens KS,Stevens,KS
27149,Stevens MN,Stevens,MN
53065,Stevens WA,Stevens,WA
13259,Stewart GA,Stewart,GA
47161,Stewart TN,Stewart,TN
30095,Stillwater MT,Stillwater,MT
29207,Stoddard MO,Stoddard,MO
37169,Stokes NC,Stokes,NC
05137,Stone AR,Stone,AR
29209,Stone MO,Stone,MO
28131,Stone MS,Stone,MS
48433,Stonewall TX,Stonewall,TX
32029,Storey NV,Storey,NV
19169,Story IA,Story,IA
33017,Strafford NH,Strafford,NH
38093,Stutsman ND,Stutsman,ND
56035,Sublette WY,Sublette,WY
25025,Suffolk MA,Suffolk,MA
36103,Suffolk NY,Suffolk,NY
51800,Suffolk city VA,Suffolk city,VA
18153,Sullivan IN,Sullivan,IN
29211,Sullivan MO,Sullivan,MO
33019,Sullivan NH,Sullivan,NH
36105,Sullivan NY,Sullivan,NY
42113,Sullivan PA,Sullivan,PA
47163,Sullivan TN,Sullivan,TN
46119,Sully SD,Sully,SD
54089,Summers WV,Summers,WV
08117,Summit CO,Summit,CO
39153,Summit OH,Summit,OH
49043,Summit UT,Summit,UT
20191,Sumner KS,Sumner,KS
47165,Sumner TN,Sumner,TN
01119,Sumter AL,Sumter,AL
12119,Sumter FL,Sumter,FL
13261,Sumter GA,Sumter,GA
45085,Sumter SC,Sumter,SC
28133,Sunflower MS,Sunflower,MS
37171,Surry NC,Surry,NC
51181,Surry VA,Surry,VA
42115,Susquehanna PA,Susquehanna,PA
10005,Sussex DE,Sussex,DE
34037,Sussex NJ,Sussex,NJ
51183,Sussex VA,Sussex,VA
06101,Sutter CA,Sutter,CA
48435,Sutton TX,Sutton,TX
12121,Suwannee FL,Suwannee,FL
37173,Swain NC,Swain,NC
30097,Sweet Grass MT,Sweet Grass,MT
56037,Sweetwater WY,Sweetwater,WY
27151,Swift MN,Swift,MN
48437,Swisher TX,Swisher,TX
18155,Switzerland IN,Switzerland,IN
13263,Talbot GA,Talbot,GA
24041,Talbot MD,Talbot,MD
13265,Taliaferro GA,Taliaferro,GA
01121,Talladega AL,Talladega,AL
28135,Tallahatchie MS,Tallahatchie,MS
01123,Tallapoosa AL,Tallapoosa,AL
19171,Tama IA,Tama,IA
29213,Taney MO,Taney,MO
22105,Tangipahoa Parish LA,Tangipahoa Parish,LA
35055,Taos NM,Taos,NM
48439,Tarrant TX,Tarrant,TX
28137,Tate MS,Tate,MS
13267,Tattnall GA,Tattnall,GA
12123,Taylor FL,Taylor,FL
13269,Taylor GA,Taylor,GA
19173,Taylor IA,Taylor,IA
21217,Taylor KY,Taylor,KY
48441,Taylor TX,Taylor,TX
55119,Taylor WI,Taylor,WI
54091,Taylor WV,Taylor,WV
17179,Tazewell IL,Tazewell,IL
51185,Tazewell VA,Tazewell,VA
06103,Tehama CA,Tehama,CA
13271,Telfair GA,Telfair,GA
08119,Teller CO,Teller,CO
22107,Tensas Parish LA,Tensas Parish,LA
22109,Terrebonne Parish LA,Terrebonne Parish,LA
13273,Terrell GA,Terrell,GA
48443,Terrell TX,Terrell,TX
48445,Terry TX,Terry,TX
16081,Teton ID,Teton,ID
30099,Teton MT,Teton,MT
56039,Teton WY,Teton,WY
29215,Texas MO,Texas,MO
40139,Texas OK,Texas,OK
31169,Thayer NE,Thayer,NE
13275,Thomas GA,Thomas,GA
20193,Thomas KS,Thomas,KS
31171,Thomas NE,Thomas,NE
48447,Throckmorton TX,Throckmorton,TX
31173,Thurston NE,Thurston,NE
53067,Thurston WA,Thurston,WA
13277,Tift GA,Tift,GA
41057,Tillamook OR,Tillamook,OR
40141,Tillman OK,Tillman,OK
69120,Tinian MP,Tinian,MP
36107,Tioga NY,Tioga,NY
42117,Tioga PA,Tioga,PA
28139,Tippah MS,Tippah,MS
18157,Tippecanoe IN,Tippecanoe,IN
18159,Tipton IN,Tipton,IN
47167,Tipton TN,Tipton,TN
28141,Tishomingo MS,Tishomingo,MS
48449,Titus TX,Titus,TX
72135,Toa Alta Municipio PR,Toa Alta Municipio,PR
72137,Toa Baja Municipio PR,Toa Baja Municipio,PR
21219,Todd KY,Todd,KY
27153,Todd MN,Todd,MN
46121,Todd SD,Todd,SD
09013,Tolland CT,Tolland,CT
48451,Tom Green TX,Tom Green,TX
36109,Tompkins NY,Tompkins,NY
49045,Tooele UT,Tooele,UT
30101,Toole MT,Toole,MT
13279,Toombs GA,Toombs,GA
35057,Torrance NM,Torrance,NM
38095,Towner ND,Towner,ND
13281,Towns GA,Towns,GA
38097,Traill ND,Traill,ND
37175,Transylvania NC,Transylvania,NC
27155,Traverse MN,Traverse,MN
48453,Travis TX,Travis,TX
30103,Treasure MT,Treasure,MT
20195,Trego KS,Trego,KS
55121,Trempealeau WI,Trempealeau,WI
13283,Treutlen GA,Treutlen,GA
21221,Trigg KY,Trigg,KY
21223,Trimble KY,Trimble,KY
06105,Trinity CA,Trinity,CA
48455,Trinity TX,Trinity,TX
46123,Tripp SD,Tripp,SD
13285,Troup GA,Troup,GA
47169,Trousdale TN,Trousdale,TN
72139,Trujillo Alto Municipio PR,Trujillo Alto Municipio,PR
39155,Trumbull OH,Trumbull,OH
54093,Tucker WV,Tucker,WV
06107,Tulare CA,Tulare,CA
40143,Tulsa OK,Tulsa,OK
28143,Tunica MS,Tunica,MS
06109,Tuolumne CA,Tuolumne,CA
13287,Turner GA,Turner,GA
46125,Turner SD,Turner,SD
01125,Tuscaloosa AL,Tuscaloosa,AL
39157,Tuscarawas OH,Tuscarawas,OH
26157,Tuscola MI,Tuscola,MI
13289,Twiggs GA,Twiggs,GA
16083,Twin Falls ID,Twin Falls,ID
48457,Tyler TX,Tyler,TX
54095,Tyler WV,Tyler,WV
37177,Tyrrell NC,Tyrrell,NC
56041,Uinta WY,Uinta,WY
49047,Uintah UT,Uintah,UT
36111,Ulster NY,Ulster,NY
41059,Umatilla OR,Umatilla,OR
47171,Unicoi TN,Unicoi,TN
05139,Union AR,Union,AR
12125,Union FL,Union,FL
13291,Union GA,Union,GA
19175,Union IA,Union,IA
17181,Union IL,Union,IL
18161,Union IN,Union,IN
21225,Union KY,Union,KY
28145,Union MS,Union,MS
37179,Union NC,Union,NC
34039,Union NJ,Union,NJ
35059,Union NM,Union,NM
39159,Union OH,Union,OH
41061,Union OR,Union,OR
42119,Union PA,Union,PA
22111,Union Parish LA,Union Parish,LA
45087,Union SC,Union,SC
46127,Union SD,Union,SD
47173,Union TN,Union,TN
48459,Upshur TX,Upshur,TX
54097,Upshur WV,Upshur,WV
13293,Upson GA,Upson,GA
48461,Upton TX,Upton,TX
49049,Utah UT,Utah,UT
72141,Utuado Municipio PR,Utuado Municipio,PR
48463,Uvalde TX,Uvalde,TX
48465,Val Verde TX,Val Verde,TX
35061,Valencia NM,Valencia,NM
16085,Valley ID,Valley,ID
30105,Valley MT,Valley,MT
31175,Valley NE,Valley,NE
05141,Van Buren AR,Van Buren,AR
19177,Van Buren IA,Van Buren,IA
26159,Van Buren MI,Van Buren,MI
47175,Van Buren TN,Van Buren,TN
39161,Van Wert OH,Van Wert,OH
48467,Van Zandt TX,Van Zandt,TX
37181,Vance NC,Vance,NC
18163,Vanderburgh IN,Vanderburgh,IN
72143,Vega Alta Municipio PR,Vega Alta Municipio,PR
72145,Vega Baja Municipio PR,Vega Baja Municipio,PR
42121,Venango PA,Venango,PA
06111,Ventura CA,Ventura,CA
17183,Vermilion IL,Vermilion,IL
22113,Vermilion Parish LA,Vermilion Parish,LA
18165,Vermillion IN,Vermillion,IN
29217,Vernon MO,Vernon,MO
22115,Vernon Parish LA,Vernon Parish,LA
55123,Vernon WI,Vernon,WI
48469,Victoria TX,Victoria,TX
72147,Vieques Municipio PR,Vieques Municipio,PR
18167,Vigo IN,Vigo,IN
55125,Vilas WI,Vilas,WI
72149,Villalba Municipio PR,Villalba Municipio,PR
39163,Vinton OH,Vinton,OH
51810,Virginia Beach city VA,Virginia Beach city,VA
12127,Volusia FL,Volusia,FL
17185,Wabash IL,Wabash,IL
18169,Wabash IN,Wabash,IN
27157,Wabasha MN,Wabasha,MN
20197,Wabaunsee KS,Wabaunsee,KS
27159,Wadena MN,Wadena,MN
40145,Wagoner OK,Wagoner,OK
53069,Wahkiakum WA,Wahkiakum,WA
37183,Wake NC,Wake,NC
12129,Wakulla FL,Wakulla,FL
23027,Waldo ME,Waldo,ME
01127,Walker AL,Walker,AL
13295,Walker GA,Walker,GA
48471,Walker TX,Walker,TX
53071,Walla Walla WA,Walla Walla,WA
20199,Wallace KS,Wallace,KS
48473,Waller TX,Waller,TX
41063,Wallowa OR,Wallowa,OR
38099,Walsh ND,Walsh,ND
28147,Walthall MS,Walthall,MS
12131,Walton FL,Walton,FL
13297,Walton GA,Walton,GA
46129,Walworth SD,Walworth,SD
55127,Walworth WI,Walworth,WI
19179,Wapello IA,Wapello,IA
38101,Ward ND,Ward,ND
48475,Ward TX,Ward,TX
13299,Ware GA,Ware,GA
13301,Warren GA,Warren,GA
19181,Warren IA,Warren,IA
17187,Warren IL,Warren,IL
18171,Warren IN,Warren,IN
21227,Warren KY,Warren,KY
29219,Warren MO,Warren,MO
28149,Warren MS,Warren,MS
37185,Warren NC,Warren,NC
34041,Warren NJ,Warren,NJ
36113,Warren NY,Warren,NY
39165,Warren OH,Warren,OH
42123,Warren PA,Warren,PA
47177,Warren TN,Warren,TN
51187,Warren VA,Warren,VA
18173,Warrick IN,Warrick,IN
49051,Wasatch UT,Wasatch,UT
41065,Wasco OR,Wasco,OR
27161,Waseca MN,Waseca,MN
56043,Washakie WY,Washakie,WY
55129,Washburn WI,Washburn,WI
01129,Washington AL,Washington,AL
05143,Washington AR,Washington,AR
08121,Washington CO,Washington,CO
12133,Washington FL,Washington,FL
13303,Washington GA,Washington,GA
19183,Washington IA,Washington,IA
16087,Washington ID,Washington,ID
17189,Washington IL,Washington,IL
18175,Washington IN,Washington,IN
20201,Washington KS,Washington,KS
21229,Washington KY,Washington,KY
24043,Washington MD,Washington,MD
23029,Washington ME,Washington,ME
27163,Washington MN,Washington,MN
29221,Washington MO,Washington,MO
28151,Washington MS,Washington,MS
37187,Washington NC,Washington,NC
31177,Washington NE,Washington,NE
36115,Washington NY,Washington,NY
39167,Washington OH,Washington,OH
40147,Washington OK,Washington,OK
41067,Washington OR,Washington,OR
42125,Washington PA,Washington,PA
22117,Washington Parish LA,Washington Parish,LA
44009,Washington RI,Washington,RI
47179,Washington TN,Washington,TN
48477,Washington TX,Washington,TX
49053,Washington UT,Washington,UT
51191,Washington VA,Washington,VA
50023,Washington VT,Washington,VT
55131,Washington WI,Washington,WI
40149,Washita OK,Washita,OK
32031,Washoe NV,Washoe,NV
26161,Washtenaw MI,Washtenaw,MI
37189,Watauga NC,Watauga,NC
27165,Watonwan MN,Watonwan,MN
55133,Waukesha WI,Waukesha,WI
55135,Waupaca WI,Waupaca,WI
55137,Waushara WI,Waushara,WI
13305,Wayne GA,Wayne,GA
19185,Wayne IA,Wayne,IA
17191,Wayne IL,Wayne,IL
18177,Wayne IN,Wayne,IN
21231,Wayne KY,Wayne,KY
26163,Wayne MI,Wayne,MI
29223,Wayne MO,Wayne,MO
28153,Wayne MS,Wayne,MS
37191,Wayne NC,Wayne,NC
31179,Wayne NE,Wayne,NE
36117,Wayne NY,Wayne,NY
39169,Wayne OH,Wayne,OH
42127,Wayne PA,Wayne,PA
47181,Wayne TN,Wayne,TN
49055,Wayne UT,Wayne,UT
54099,Wayne WV,Wayne,WV
51820,Waynesboro city VA,Waynesboro city,VA
47183,Weakley TN,Weakley,TN
48479,Webb TX,Webb,TX
49057,Weber UT,Weber,UT
13307,Webster GA,Webster,GA
19187,Webster IA,Webster,IA
21233,Webster KY,Webster,KY
29225,Webster MO,Webster,MO
28155,Webster MS,Webster,MS
31181,Webster NE,Webster,NE
22119,Webster Parish LA,Webster Parish,LA
54101,Webster WV,Webster,WV
08123,Weld CO,Weld,CO
18179,Wells IN,Wells,IN
38103,Wells ND,Wells,ND
22121,West Baton Rouge Parish LA,West Baton Rouge Parish,LA
22123,West Carroll Parish LA,West Carroll Parish,LA
22125,West Feliciana Parish LA,West Feliciana Parish,LA
36119,Westchester NY,Westchester,NY
42129,Westmoreland PA,Westmoreland,PA
51193,Westmoreland VA,Westmoreland,VA
56045,Weston WY,Weston,WY
54103,Wetzel WV,Wetzel,WV
26165,Wexford MI,Wexford,MI
48481,Wharton TX,Wharton,TX
53073,Whatcom WA,Whatcom,WA
30107,Wheatland MT,Wheatland,MT
13309,Wheeler GA,Wheeler,GA
31183,Wheeler NE,Wheeler,NE
41069,Wheeler OR,Wheeler,OR
48483,Wheeler TX,Wheeler,TX
05145,White AR,White,AR
13311,White GA,White,GA
17193,White IL,White,IL
18181,White IN,White,IN
32033,White Pine NV,White Pine,NV
47185,White TN,White,TN
17195,Whiteside IL,Whiteside,IL
13313,Whitfield GA,Whitfield,GA
18183,Whitley IN,Whitley,IN
21235,Whitley KY,Whitley,KY
53075,Whitman WA,Whitman,WA
30109,Wibaux MT,Wibaux,MT
20203,Wichita KS,Wichita,KS
48485,Wichita TX,Wichita,TX
24045,Wicomico MD,Wicomico,MD
48487,Wilbarger TX,Wilbarger,TX
01131,Wilcox AL,Wilcox,AL
13315,Wilcox GA,Wilcox,GA
13317,Wilkes GA,Wilkes,GA
37193,Wilkes NC,Wilkes,NC
27167,Wilkin MN,Wilkin,MN
13319,Wilkinson GA,Wilkinson,GA
28157,Wilkinson MS,Wilkinson,MS
17197,Will IL,Will,IL
48489,Willacy TX,Willacy,TX
38105,Williams ND,Williams,ND
39171,Williams OH,Williams,OH
45089,Williamsburg SC,Williamsburg,SC
51830,Williamsburg city VA,Williamsburg city,VA
17199,Williamson IL,Williamson,IL
47187,Williamson TN,Williamson,TN
48491,Williamson TX,Williamson,TX
20205,Wilson KS,Wilson,KS
37195,Wilson NC,Wilson,NC
47189,Wilson TN,Wilson,TN
48493,Wilson TX,Wilson,TX
51840,Winchester city VA,Winchester city,VA
09015,Windham CT,Windham,CT
50025,Windham VT,Windham,VT
50027,Windsor VT,Windsor,VT
48495,Winkler TX,Winkler,TX
22127,Winn Parish LA,Winn Parish,LA
19189,Winnebago IA,Winnebago,IA
17201,Winnebago IL,Winnebago,IL
55139,Winnebago WI,Winnebago,WI
19191,Winneshiek IA,Winneshiek,IA
27169,Winona MN,Winona,MN
01133,Winston AL,Winston,AL
28159,Winston MS,Winston,MS
54105,Wirt WV,Wirt,WV
48497,Wise TX,Wise,TX
51195,Wise VA,Wise,VA
21237,Wolfe KY,Wolfe,KY
39173,Wood OH,Wood,OH
48499,Wood TX,Wood,TX
55141,Wood WI,Wood,WI
54107,Wood WV,Wood,WV
19193,Woodbury IA,Woodbury,IA
17203,Woodford IL,Woodford,IL
21239,Woodford KY,Woodford,KY
05147,Woodruff AR,Woodruff,AR
40151,Woods OK,Woods,OK
20207,Woodson KS,Woodson,KS
40153,Woodward OK,Woodward,OK
25027,Worcester MA,Worcester,MA
24047,Worcester MD,Worcester,MD
13321,Worth GA,Worth,GA
19195,Worth IA,Worth,IA
29227,Worth MO,Worth,MO
02275,Wrangell City and Borough AK,Wrangell City and Borough,AK
19197,Wright IA,Wright,IA
27171,Wright MN,Wright,MN
29229,Wright MO,Wright,MO
39175,Wyandot OH,Wyandot,OH
20209,Wyandotte KS,Wyandotte,KS
36121,Wyoming NY,Wyoming,NY
42131,Wyoming PA,Wyoming,PA
54109,Wyoming WV,Wyoming,WV
51197,Wythe VA,Wythe,VA
72151,Yabucoa Municipio PR,Yabucoa Municipio,PR
37197,Yadkin NC,Yadkin,NC
53077,Yakima WA,Yakima,WA
02282,Yakutat Borough AK,Yakutat Borough,AK
28161,Yalobusha MS,Yalobusha,MS
41071,Yamhill OR,Yamhill,OR
37199,Yancey NC,Yancey,NC
46135,Yankton SD,Yankton,SD
36123,Yates NY,Yates,NY
72153,Yauco Municipio PR,Yauco Municipio,PR
04025,Yavapai AZ,Yavapai,AZ
28163,Yazoo MS,Yazoo,MS
05149,Yell AR,Yell,AR
27173,Yellow Medicine MN,Yellow Medicine,MN
30111,Yellowstone MT,Yellowstone,MT
48501,Yoakum TX,Yoakum,TX
06113,Yolo CA,Yolo,CA
23031,York ME,York,ME
31185,York NE,York,NE
42133,York PA,York,PA
45091,York SC,York,SC
51199,York VA,York,VA
48503,Young TX,Young,TX
06115,Yuba CA,Yuba,CA
02290,Yukon-Koyukuk Census Area AK,Yukon-Koyukuk Census Area,AK
04027,Yuma AZ,Yuma,AZ
08125,Yuma CO,Yuma,CO
48505,Zapata TX,Zapata,TX
48507,Zavala TX,Zavala,TX
46137,Ziebach SD,Ziebach,SD
